Age,work_class,income,education,education_num,martal_status,occupation,relationship,race,sex,capital_gain,capital_loss,hours-per-week,native-country
37,Private,144246,Masters,14,Married-civ-spouse,Exec-managerial,Wife,White,Female,0,0,40,United-States
31,Private,136505,Masters,14,Never-married,Prof-specialty,Not-in-family,White,Female,14084,0,50,United-States
43,Self-emp-not-inc,137397,Masters,14,Divorced,Exec-managerial,Unmarried,White,Female,0,0,45,United-States
40,Private,246047,Doctorate,16,Married-civ-spouse,Prof-specialty,Husband,White,Male,0,0,60,United-States
44,Private,131503,Masters,14,Divorced,Exec-managerial,Unmarried,White,Female,0,0,40,United-States
47,Private,212035,Prof-school,15,Married-civ-spouse,Prof-specialty,Wife,White,Female,0,1902,60,Honduras
42,Private,260038,Doctorate,16,Married-civ-spouse,Prof-specialty,Husband,White,Male,0,0,45,United-States
33,Private,205384,Masters,14,Married-civ-spouse,Prof-specialty,Husband,White,Male,0,0,50,United-States
43,Federal-gov,280442,Doctorate,16,Never-married,Prof-specialty,Not-in-family,White,Female,0,0,50,United-States
48,Self-emp-not-inc,305055,Doctorate,16,Married-civ-spouse,Prof-specialty,Husband,White,Male,0,1902,60,United-States
76,Private,197007,Masters,14,Married-civ-spouse,Exec-managerial,Husband,White,Male,0,0,40,United-States
47,Self-emp-not-inc,137796,Masters,14,Never-married,Prof-specialty,Not-in-family,White,Female,0,0,50,United-States
38,Private,229416,Prof-school,15,Married-civ-spouse,Prof-specialty,Husband,White,Male,0,0,40,United-States
38,Federal-gov,130565,Masters,14,Married-civ-spouse,Prof-specialty,Husband,White,Male,0,0,40,Iran
44,Self-emp-inc,125665,Masters,14,Divorced,Exec-managerial,Unmarried,Asian-Pac-Islander,Female,0,0,40,United-States
45,Self-emp-not-inc,165919,Masters,14,Married-civ-spouse,Sales,Husband,White,Male,0,0,40,United-States
46,State-gov,241387,Masters,14,Widowed,Protective-serv,Unmarried,White,Male,0,0,40,United-States
31,Private,130675,Masters,14,Married-civ-spouse,Prof-specialty,Wife,White,Female,0,0,50,United-States
58,State-gov,349860,Doctorate,16,Married-civ-spouse,Prof-specialty,Husband,White,Male,0,0,1,United-States
40,Federal-gov,142688,Masters,14,Never-married,Exec-managerial,Not-in-family,White,Female,14084,0,55,United-States
35,Private,193122,Masters,14,Married-civ-spouse,Prof-specialty,Other-relative,White,Male,7298,0,40,United-States
26,Private,144845,Masters,14,Never-married,Prof-specialty,Not-in-family,White,Female,0,1876,40,United-States
53,Local-gov,59407,Preschool,1,Never-married,Machine-op-inspct,Not-in-family,White,Female,0,0,35,United-States
28,Private,224632,Prof-school,15,Never-married,Prof-specialty,Not-in-family,White,Male,0,0,55,United-States
38,Local-gov,186322,Masters,14,Married-civ-spouse,Exec-managerial,Husband,White,Male,0,0,70,United-States
41,Private,196373,Prof-school,15,Married-civ-spouse,Prof-specialty,Wife,White,Female,0,0,40,United-States
50,Self-emp-not-inc,135911,Masters,14,Married-civ-spouse,Farming-fishing,Husband,White,Male,2407,0,98,United-States
27,Local-gov,150910,Masters,14,Never-married,Prof-specialty,Own-child,White,Male,0,0,35,United-States
57,Federal-gov,213815,Masters,14,Married-civ-spouse,Sales,Husband,White,Male,15024,0,40,United-States
41,Private,256599,Prof-school,15,Married-civ-spouse,Prof-specialty,Husband,White,Male,0,0,60,United-States
34,Private,149232,Masters,14,Married-civ-spouse,Exec-managerial,Husband,Asian-Pac-Islander,Male,7298,0,35,Taiwan
76,Self-emp-not-inc,225423,Masters,14,Married-civ-spouse,Craft-repair,Husband,White,Male,0,0,10,United-States
49,Private,182067,Masters,14,Never-married,Prof-specialty,Not-in-family,White,Male,0,0,60,United-States
62,Private,229621,Masters,14,Married-civ-spouse,Prof-specialty,Husband,White,Male,0,0,40,United-States
46,Self-emp-not-inc,177963,Masters,14,Divorced,Exec-managerial,Not-in-family,White,Male,0,0,30,United-States
41,Private,227700,Masters,14,Married-civ-spouse,Exec-managerial,Husband,White,Male,0,1977,65,United-States
46,Private,341010,Doctorate,16,Married-civ-spouse,Exec-managerial,Husband,White,Male,15024,0,60,United-States
36,Federal-gov,102149,Masters,14,Never-married,Prof-specialty,Not-in-family,White,Male,0,1408,40,United-States
47,Local-gov,221406,Masters,14,Married-civ-spouse,Prof-specialty,Husband,White,Male,0,0,40,United-States
33,Private,169920,Masters,14,Married-civ-spouse,Prof-specialty,Husband,White,Male,0,0,50,United-States
49,Private,241749,Masters,14,Married-civ-spouse,Exec-managerial,Husband,White,Male,0,1977,45,United-States
44,Self-emp-not-inc,118738,Masters,14,Married-civ-spouse,Prof-specialty,Husband,White,Male,0,0,40,United-States
67,Private,233715,Prof-school,15,Married-civ-spouse,Prof-specialty,Husband,White,Male,20051,0,48,United-States
29,Private,253838,Doctorate,16,Never-married,Prof-specialty,Own-child,White,Male,0,0,40,United-States
43,Self-emp-inc,145137,Masters,14,Married-civ-spouse,Exec-managerial,Husband,White,Male,5013,0,45,United-States
47,Private,82612,Masters,14,Divorced,Exec-managerial,Unmarried,White,Male,0,0,42,United-States
27,Private,271562,Doctorate,16,Never-married,Prof-specialty,Not-in-family,White,Female,0,0,70,United-States
42,Self-emp-not-inc,203114,Prof-school,15,Married-civ-spouse,Prof-specialty,Husband,White,Male,0,1902,50,United-States
51,Private,215359,Masters,14,Married-civ-spouse,Craft-repair,Husband,White,Male,0,0,40,United-States
52,Private,120334,Masters,14,Divorced,Prof-specialty,Not-in-family,White,Female,6849,0,60,United-States
46,Private,272936,Prof-school,15,Married-civ-spouse,Prof-specialty,Husband,White,Male,15024,0,45,United-States
52,Self-emp-not-inc,318583,Doctorate,16,Married-civ-spouse,Prof-specialty,Husband,White,Male,0,0,60,United-States
50,Self-emp-inc,344253,Doctorate,16,Separated,Prof-specialty,Not-in-family,White,Male,0,0,40,United-States
35,Private,233924,Doctorate,16,Married-civ-spouse,Prof-specialty,Husband,Asian-Pac-Islander,Male,0,0,40,Taiwan
35,Private,106354,Masters,14,Never-married,Sales,Not-in-family,White,Male,0,0,60,United-States
43,Local-gov,110240,Masters,14,Never-married,Prof-specialty,Not-in-family,White,Male,0,0,38,United-States
41,Private,178256,Masters,14,Never-married,Exec-managerial,Not-in-family,White,Male,0,0,35,Dominican-Republic
35,Private,190951,Masters,14,Never-married,Prof-specialty,Not-in-family,White,Male,0,0,60,United-States
31,Private,147226,Masters,14,Married-civ-spouse,Tech-support,Husband,White,Male,0,1902,40,United-States
46,Private,286368,Doctorate,16,Divorced,Prof-specialty,Unmarried,White,Female,25236,0,65,United-States
42,Private,141147,Masters,14,Never-married,Exec-managerial,Not-in-family,White,Female,14084,0,50,United-States
53,Self-emp-inc,363803,Doctorate,16,Married-civ-spouse,Exec-managerial,Husband,White,Male,0,0,70,United-States
46,Private,177681,Masters,14,Never-married,Tech-support,Not-in-family,White,Male,0,0,35,United-States
31,Private,125579,Masters,14,Never-married,Prof-specialty,Not-in-family,White,Female,0,0,46,United-States
61,Private,128676,Masters,14,Widowed,Prof-specialty,Not-in-family,White,Female,0,0,40,United-States
48,State-gov,306074,Doctorate,16,Divorced,Prof-specialty,Own-child,White,Male,0,0,50,United-States
71,Self-emp-not-inc,149746,Masters,14,Married-civ-spouse,Sales,Husband,White,Male,10605,0,40,United-States
42,Self-emp-not-inc,264093,Prof-school,15,Married-civ-spouse,Farming-fishing,Husband,White,Male,0,0,65,United-States
40,Private,265085,Masters,14,Married-civ-spouse,Prof-specialty,Husband,White,Male,0,0,40,United-States
43,Private,151582,Masters,14,Married-civ-spouse,Prof-specialty,Wife,Asian-Pac-Islander,Female,0,0,50,South
51,Private,131951,Masters,14,Married-civ-spouse,Exec-managerial,Husband,White,Male,0,0,60,United-States
51,Local-gov,122117,Preschool,1,Married-civ-spouse,Other-service,Husband,White,Male,0,0,40,United-States
47,Private,140286,Masters,14,Never-married,Prof-specialty,Not-in-family,White,Female,0,0,25,United-States
41,Private,194597,Prof-school,15,Married-civ-spouse,Prof-specialty,Husband,White,Male,0,2415,40,United-States
43,Private,147512,Masters,14,Married-civ-spouse,Exec-managerial,Husband,White,Male,0,0,43,United-States
40,State-gov,223510,Masters,14,Married-civ-spouse,Prof-specialty,Husband,White,Male,0,0,35,United-States
45,Private,195273,Masters,14,Divorced,Prof-specialty,Not-in-family,White,Male,0,0,45,United-States
50,Private,324707,Doctorate,16,Married-civ-spouse,Prof-specialty,Husband,White,Male,0,1902,65,United-States
38,Private,110156,Masters,14,Married-civ-spouse,Prof-specialty,Husband,White,Male,0,0,25,United-States
48,Local-gov,147078,Masters,14,Married-civ-spouse,Prof-specialty,Husband,White,Male,0,0,35,United-States
48,Self-emp-inc,122249,Masters,14,Married-spouse-absent,Sales,Not-in-family,Asian-Pac-Islander,Male,0,0,50,India
28,Private,279634,Prof-school,15,Divorced,Prof-specialty,Unmarried,White,Male,0,0,55,United-States
49,Local-gov,175727,Masters,14,Married-civ-spouse,Prof-specialty,Husband,White,Male,0,1902,40,United-States
35,Private,217375,Prof-school,15,Married-civ-spouse,Prof-specialty,Husband,White,Male,0,1977,80,United-States
48,State-gov,267473,Doctorate,16,Married-civ-spouse,Prof-specialty,Wife,White,Female,0,1902,46,United-States
31,Private,321320,Doctorate,16,Married-spouse-absent,Prof-specialty,Not-in-family,Asian-Pac-Islander,Male,0,0,60,China
35,Self-emp-inc,118791,Masters,14,Married-civ-spouse,Sales,Husband,White,Male,0,0,45,Mexico
46,Self-emp-not-inc,175443,Masters,14,Married-civ-spouse,Exec-managerial,Husband,White,Male,0,0,45,United-States
33,Private,224473,Masters,14,Married-civ-spouse,Prof-specialty,Husband,White,Male,15024,0,44,United-States
28,State-gov,130201,Masters,14,Married-civ-spouse,Prof-specialty,Wife,White,Female,0,0,50,United-States
88,Self-emp-not-inc,251060,Prof-school,15,Married-civ-spouse,Prof-specialty,Husband,White,Male,0,0,40,United-States
25,Private,157254,Masters,14,Married-civ-spouse,Farming-fishing,Not-in-family,White,Male,0,0,99,United-States
59,Private,211498,Masters,14,Married-civ-spouse,Prof-specialty,Husband,White,Male,0,0,55,United-States
61,Self-emp-inc,192871,Masters,14,Married-civ-spouse,Sales,Husband,White,Male,0,0,40,United-States
54,Private,278227,Doctorate,16,Married-civ-spouse,Prof-specialty,Husband,White,Male,15024,0,45,United-States
38,Private,218214,Prof-school,15,Married-civ-spouse,Prof-specialty,Husband,White,Male,0,0,40,United-States
75,Self-emp-not-inc,136700,Prof-school,15,Married-civ-spouse,Prof-specialty,Husband,White,Male,0,0,35,United-States
35,Private,185206,Masters,14,Never-married,Prof-specialty,Not-in-family,White,Male,0,0,45,United-States
54,Self-emp-inc,297491,Prof-school,15,Married-civ-spouse,Prof-specialty,Husband,White,Male,99999,0,60,United-States
51,Self-emp-inc,191444,Masters,14,Married-civ-spouse,Exec-managerial,Husband,White,Male,15024,0,50,United-States
46,Private,175936,Masters,14,Married-civ-spouse,Prof-specialty,Husband,Black,Male,0,0,35,United-States
36,Self-emp-not-inc,261092,Prof-school,15,Married-civ-spouse,Prof-specialty,Husband,White,Male,0,0,50,United-States
35,Private,322709,Doctorate,16,Married-civ-spouse,Prof-specialty,Husband,White,Male,7298,0,40,United-States
57,Private,263235,Prof-school,15,Married-civ-spouse,Prof-specialty,Husband,White,Male,0,0,60,United-States
28,State-gov,193279,Prof-school,15,Never-married,Prof-specialty,Unmarried,White,Male,0,0,40,United-States
57,Private,122797,Masters,14,Married-spouse-absent,Prof-specialty,Not-in-family,White,Female,0,0,40,United-States
43,Private,133754,Masters,14,Never-married,Other-service,Not-in-family,White,Female,0,0,30,Poland
65,Private,187991,Masters,14,Married-civ-spouse,Sales,Husband,White,Male,20051,0,40,United-States
54,Self-emp-not-inc,212351,Masters,14,Married-civ-spouse,Sales,Husband,White,Male,0,0,50,United-States
41,Self-emp-not-inc,126880,Masters,14,Divorced,Prof-specialty,Unmarried,White,Female,0,0,35,United-States
49,Self-emp-inc,165118,Masters,14,Married-civ-spouse,Exec-managerial,Husband,White,Male,0,0,50,United-States
41,Self-emp-inc,200561,Prof-school,15,Married-civ-spouse,Prof-specialty,Husband,White,Male,0,0,60,United-States
49,Private,132582,Masters,14,Divorced,Exec-managerial,Not-in-family,White,Female,0,0,75,United-States
61,Private,221603,Prof-school,15,Married-civ-spouse,Transport-moving,Husband,White,Male,0,0,5,United-States
69,State-gov,157911,Masters,14,Married-civ-spouse,Prof-specialty,Husband,White,Male,0,0,11,United-States
37,Private,146347,Masters,14,Divorced,Exec-managerial,Unmarried,White,Male,0,0,60,United-States
48,Private,129983,Masters,14,Divorced,Exec-managerial,Unmarried,White,Female,0,0,40,United-States
62,Private,239116,Prof-school,15,Married-civ-spouse,Prof-specialty,Husband,White,Male,0,1628,70,United-States
45,Private,137976,Masters,14,Married-civ-spouse,Prof-specialty,Husband,White,Male,0,0,36,England
46,Private,237612,Prof-school,15,Married-civ-spouse,Prof-specialty,Husband,White,Male,99999,0,60,United-States
61,Self-emp-not-inc,228010,Prof-school,15,Married-civ-spouse,Prof-specialty,Husband,White,Male,0,0,35,United-States
48,Private,122582,Masters,14,Married-civ-spouse,Prof-specialty,Husband,White,Male,15024,0,40,United-States
65,State-gov,121172,Masters,14,Married-civ-spouse,Prof-specialty,Husband,White,Male,6514,0,35,United-States
55,Self-emp-not-inc,203562,Prof-school,15,Married-civ-spouse,Prof-specialty,Wife,White,Female,0,0,10,United-States
46,Private,207573,Prof-school,15,Married-civ-spouse,Prof-specialty,Husband,White,Male,0,0,60,United-States
43,Private,166190,Masters,14,Divorced,Exec-managerial,Unmarried,White,Male,0,0,50,United-States
44,Private,270162,Doctorate,16,Married-civ-spouse,Prof-specialty,Husband,White,Male,0,0,40,United-States
54,Private,205079,Masters,14,Married-civ-spouse,Prof-specialty,Husband,White,Male,0,0,60,United-States
43,Private,214820,Masters,14,Married-civ-spouse,Exec-managerial,Husband,White,Male,0,1902,40,United-States
41,Private,191542,Masters,14,Married-civ-spouse,Prof-specialty,Husband,Asian-Pac-Islander,Male,0,0,45,China
49,Private,144062,Masters,14,Married-civ-spouse,Prof-specialty,Wife,White,Female,0,0,50,United-States
24,Private,171802,Masters,14,Never-married,Exec-managerial,Own-child,White,Male,6849,0,90,United-States
46,Private,124017,Masters,14,Divorced,Exec-managerial,Not-in-family,White,Female,27828,0,50,United-States
35,Local-gov,142204,Masters,14,Married-civ-spouse,Prof-specialty,Wife,White,Female,0,0,35,United-States
39,Private,222106,Masters,14,Married-civ-spouse,Exec-managerial,Husband,Asian-Pac-Islander,Male,15024,0,40,United-States
45,Private,141263,Masters,14,Never-married,Adm-clerical,Not-in-family,Asian-Pac-Islander,Female,0,0,40,Philippines
38,Self-emp-inc,236636,Prof-school,15,Married-civ-spouse,Prof-specialty,Husband,Asian-Pac-Islander,Male,0,0,40,United-States
50,State-gov,166794,Masters,14,Never-married,Prof-specialty,Not-in-family,White,Male,0,0,38,United-States
42,State-gov,152922,Masters,14,Divorced,Prof-specialty,Not-in-family,White,Female,0,0,38,United-States
58,Private,143076,Masters,14,Married-civ-spouse,Sales,Husband,White,Male,0,0,40,United-States
44,State-gov,135264,Masters,14,Never-married,Prof-specialty,Not-in-family,White,Female,0,0,60,United-States
34,Private,124408,Masters,14,Married-civ-spouse,Prof-specialty,Husband,White,Male,0,0,55,United-States
45,Local-gov,131514,Masters,14,Divorced,Prof-specialty,Unmarried,White,Female,1506,0,45,United-States
26,Self-emp-not-inc,143975,Masters,14,Never-married,Prof-specialty,Not-in-family,White,Female,0,0,50,United-States
52,Self-emp-inc,227543,Prof-school,15,Married-civ-spouse,Exec-managerial,Husband,White,Male,0,0,40,United-States
42,Local-gov,151934,Masters,14,Married-civ-spouse,Exec-managerial,Husband,White,Male,0,1902,60,United-States
38,Private,74536,Masters,14,Married-civ-spouse,Craft-repair,Husband,Black,Male,0,0,40,United-States
57,Private,149583,Masters,14,Never-married,Prof-specialty,Not-in-family,White,Male,0,0,80,United-States
37,Private,115897,Masters,14,Married-civ-spouse,Exec-managerial,Husband,White,Male,0,2415,60,United-States
57,Private,147305,Masters,14,Divorced,Prof-specialty,Not-in-family,White,Female,0,0,40,United-States
40,Private,251030,Masters,14,Married-civ-spouse,Exec-managerial,Husband,White,Male,0,0,40,United-States
51,Local-gov,169844,Masters,14,Married-civ-spouse,Prof-specialty,Husband,White,Male,0,0,40,United-States
50,Private,198502,Masters,14,Married-civ-spouse,Prof-specialty,Husband,White,Male,15024,0,45,United-States
26,Private,146630,Masters,14,Never-married,Prof-specialty,Not-in-family,White,Male,8614,0,40,United-States
53,Local-gov,206741,Prof-school,15,Divorced,Prof-specialty,Not-in-family,White,Female,0,0,50,United-States
75,Self-emp-not-inc,156372,Masters,14,Married-spouse-absent,Prof-specialty,Not-in-family,White,Female,0,0,50,United-States
34,Private,170418,Masters,14,Never-married,Prof-specialty,Not-in-family,White,Male,4865,0,60,United-States
39,Private,195591,Masters,14,Married-civ-spouse,Exec-managerial,Husband,White,Male,0,0,40,Cuba
36,Private,258374,Doctorate,16,Never-married,Prof-specialty,Not-in-family,White,Male,0,0,40,England
32,State-gov,61233,Masters,14,Married-civ-spouse,Prof-specialty,Husband,White,Male,0,0,50,United-States
42,Local-gov,132494,Masters,14,Married-civ-spouse,Exec-managerial,Husband,White,Male,0,1977,40,United-States
37,Private,93709,Masters,14,Married-civ-spouse,Exec-managerial,Husband,White,Male,0,0,60,United-States
45,Local-gov,124755,Masters,14,Divorced,Prof-specialty,Not-in-family,White,Female,0,0,30,United-States
41,Local-gov,135081,Masters,14,Divorced,Prof-specialty,Unmarried,White,Female,0,0,60,United-States
27,Private,136776,Masters,14,Never-married,Exec-managerial,Not-in-family,White,Female,0,0,25,United-States
54,Local-gov,134095,Masters,14,Widowed,Prof-specialty,Unmarried,White,Female,0,0,38,United-States
52,Private,118813,Masters,14,Divorced,Prof-specialty,Own-child,White,Female,0,0,40,United-States
44,Private,145332,Masters,14,Married-civ-spouse,Prof-specialty,Husband,White,Male,0,1887,35,United-States
57,Self-emp-inc,195749,Masters,14,Married-civ-spouse,Sales,Husband,White,Male,15024,0,65,United-States
41,Self-emp-not-inc,209033,Masters,14,Divorced,Sales,Unmarried,White,Male,0,0,5,United-States
63,Self-emp-inc,176213,Masters,14,Married-civ-spouse,Sales,Husband,White,Male,0,0,68,United-States
47,Self-emp-not-inc,183606,Masters,14,Divorced,Prof-specialty,Not-in-family,White,Male,0,0,40,United-States
45,Private,235716,Masters,14,Married-civ-spouse,Exec-managerial,Husband,White,Male,0,0,50,United-States
38,Federal-gov,326935,Prof-school,15,Married-civ-spouse,Prof-specialty,Husband,White,Male,0,1977,50,United-States
58,Self-emp-not-inc,153610,Masters,14,Divorced,Sales,Not-in-family,White,Male,0,0,18,United-States
44,Private,411321,Doctorate,16,Married-civ-spouse,Adm-clerical,Husband,White,Male,0,0,55,United-States
29,Private,220230,Masters,14,Married-civ-spouse,Sales,Husband,White,Male,7298,0,40,United-States
29,Local-gov,211676,Prof-school,15,Never-married,Prof-specialty,Not-in-family,White,Female,0,0,70,United-States
29,Private,279206,Doctorate,16,Never-married,Prof-specialty,Not-in-family,White,Male,0,0,40,Canada
41,Private,156705,Masters,14,Married-civ-spouse,Prof-specialty,Husband,Asian-Pac-Islander,Male,0,0,55,Taiwan
62,State-gov,98891,Masters,14,Married-civ-spouse,Prof-specialty,Husband,White,Male,0,0,60,United-States
63,Federal-gov,212731,Masters,14,Married-civ-spouse,Exec-managerial,Husband,White,Male,0,0,50,United-States
36,Private,147797,Masters,14,Married-civ-spouse,Exec-managerial,Husband,Asian-Pac-Islander,Male,0,0,40,Taiwan
44,Private,106122,Masters,14,Married-civ-spouse,Exec-managerial,Husband,White,Male,15024,0,40,United-States
26,Private,319241,Prof-school,15,Married-civ-spouse,Prof-specialty,Husband,White,Male,99999,0,60,United-States
34,Self-emp-inc,126530,Masters,14,Separated,Prof-specialty,Not-in-family,White,Female,4787,0,40,United-States
55,Private,314718,Doctorate,16,Never-married,Prof-specialty,Not-in-family,White,Male,0,0,40,England
53,Private,133543,Masters,14,Never-married,Prof-specialty,Not-in-family,White,Female,0,1564,54,United-States
39,Local-gov,144274,Masters,14,Married-civ-spouse,Prof-specialty,Husband,White,Male,0,0,40,United-States
55,Self-emp-inc,239739,Prof-school,15,Married-civ-spouse,Prof-specialty,Husband,White,Male,0,2415,35,Greece
35,Private,267096,Prof-school,15,Married-civ-spouse,Sales,Husband,Asian-Pac-Islander,Male,0,0,35,China
31,State-gov,185396,Masters,14,Never-married,Adm-clerical,Not-in-family,White,Male,0,0,25,United-States
50,Federal-gov,133402,Masters,14,Married-civ-spouse,Tech-support,Husband,White,Male,0,0,40,United-States
40,Private,358303,Doctorate,16,Married-civ-spouse,Prof-specialty,Husband,White,Male,0,0,40,United-States
59,Self-emp-not-inc,284855,Prof-school,15,Married-civ-spouse,Sales,Husband,White,Male,0,0,25,United-States
49,Federal-gov,162845,Masters,14,Never-married,Exec-managerial,Not-in-family,White,Male,0,0,56,United-States
58,State-gov,329687,Doctorate,16,Married-civ-spouse,Prof-specialty,Husband,Asian-Pac-Islander,Male,4064,0,40,India
24,State-gov,203785,Masters,14,Never-married,Prof-specialty,Not-in-family,White,Male,0,0,13,United-States
39,Private,176210,Masters,14,Never-married,Exec-managerial,Not-in-family,Black,Male,8614,0,52,United-States
74,Private,205099,Prof-school,15,Widowed,Adm-clerical,Not-in-family,Black,Female,0,0,20,United-States
25,Private,145294,Masters,14,Never-married,Sales,Not-in-family,White,Male,0,0,20,United-States
52,State-gov,186064,Masters,14,Married-civ-spouse,Prof-specialty,Husband,White,Male,0,0,40,United-States
43,Private,96015,Masters,14,Married-spouse-absent,Exec-managerial,Not-in-family,White,Male,0,0,50,United-States
26,Federal-gov,135806,Prof-school,15,Married-civ-spouse,Prof-specialty,Husband,White,Male,0,0,60,Columbia
38,Private,190849,Prof-school,15,Never-married,Prof-specialty,Not-in-family,White,Male,0,0,50,United-States
55,State-gov,157934,Masters,14,Married-civ-spouse,Prof-specialty,Husband,White,Male,7688,0,45,United-States
40,State-gov,125941,Masters,14,Divorced,Prof-specialty,Not-in-family,White,Female,0,0,45,United-States
52,Self-emp-not-inc,216882,Prof-school,15,Married-civ-spouse,Prof-specialty,Husband,White,Male,99999,0,45,United-States
42,State-gov,137171,Masters,14,Married-civ-spouse,Prof-specialty,Wife,White,Female,0,0,20,United-States
28,Private,146470,Masters,14,Never-married,Prof-specialty,Not-in-family,White,Female,0,0,40,United-States
62,Private,177096,Prof-school,15,Married-civ-spouse,Prof-specialty,Husband,White,Male,0,0,30,United-States
43,Local-gov,175054,Masters,14,Married-civ-spouse,Exec-managerial,Husband,White,Male,0,1977,60,United-States
43,Federal-gov,183189,Masters,14,Divorced,Protective-serv,Not-in-family,White,Male,0,0,60,United-States
27,State-gov,154730,Masters,14,Never-married,Prof-specialty,Not-in-family,White,Female,0,0,50,Germany
47,Self-emp-inc,332350,Prof-school,15,Married-civ-spouse,Prof-specialty,Husband,White,Male,0,1977,60,United-States
33,Private,171950,Masters,14,Never-married,Prof-specialty,Own-child,White,Male,0,0,20,United-States
47,State-gov,213600,Masters,14,Separated,Prof-specialty,Not-in-family,White,Male,0,0,38,United-States
41,Private,127949,Masters,14,Never-married,Prof-specialty,Not-in-family,White,Female,0,0,40,United-States
36,Private,211079,Masters,14,Married-civ-spouse,Prof-specialty,Husband,White,Male,0,0,60,United-States
58,Self-emp-inc,297214,Prof-school,15,Married-civ-spouse,Prof-specialty,Husband,White,Male,0,1977,50,United-States
44,Private,230374,Prof-school,15,Never-married,Prof-specialty,Not-in-family,White,Male,14084,0,40,United-States
45,Local-gov,202533,Prof-school,15,Divorced,Prof-specialty,Unmarried,Black,Female,0,1726,40,United-States
40,Self-emp-not-inc,229416,Prof-school,15,Never-married,Prof-specialty,Not-in-family,White,Male,0,2444,45,United-States
47,Private,225408,Masters,14,Married-civ-spouse,Sales,Husband,White,Male,0,0,40,United-States
41,State-gov,141368,Masters,14,Divorced,Prof-specialty,Unmarried,White,Female,0,0,35,United-States
45,Private,118251,Masters,14,Divorced,Exec-managerial,Not-in-family,White,Female,0,0,50,United-States
71,Private,117025,Preschool,1,Widowed,Craft-repair,Unmarried,Black,Male,0,0,10,United-States
56,Private,271980,Prof-school,15,Married-civ-spouse,Exec-managerial,Husband,White,Male,0,0,16,United-States
29,Local-gov,148235,Masters,14,Never-married,Prof-specialty,Own-child,Asian-Pac-Islander,Male,0,0,40,Taiwan
30,Local-gov,139489,Masters,14,Never-married,Adm-clerical,Not-in-family,White,Female,0,0,40,United-States
26,Private,129068,Masters,14,Married-civ-spouse,Sales,Wife,White,Female,0,0,40,United-States
29,Self-emp-not-inc,288888,Prof-school,15,Never-married,Prof-specialty,Own-child,White,Male,0,0,50,Italy
31,Private,64810,Preschool,1,Never-married,Other-service,Other-relative,White,Female,0,0,35,Mexico
49,Local-gov,134775,Masters,14,Separated,Prof-specialty,Unmarried,White,Female,0,0,50,United-States
37,Private,161543,Masters,14,Never-married,Exec-managerial,Not-in-family,White,Male,0,0,40,United-States
44,Private,148668,Masters,14,Married-civ-spouse,Exec-managerial,Husband,Asian-Pac-Islander,Male,0,0,48,India
37,Private,168625,Masters,14,Separated,Exec-managerial,Not-in-family,White,Male,0,0,45,United-States
64,State-gov,266159,Doctorate,16,Never-married,Prof-specialty,Not-in-family,White,Female,4787,0,40,United-States
51,State-gov,310892,Doctorate,16,Married-civ-spouse,Prof-specialty,Husband,White,Male,0,0,40,United-States
57,Private,229565,Prof-school,15,Married-civ-spouse,Craft-repair,Husband,Asian-Pac-Islander,Male,0,1902,40,Philippines
42,Self-emp-inc,244948,Prof-school,15,Married-civ-spouse,Prof-specialty,Husband,White,Male,0,2415,60,United-States
28,State-gov,204385,Masters,14,Married-civ-spouse,Exec-managerial,Husband,White,Male,0,0,40,United-States
61,Private,88900,Masters,14,Married-civ-spouse,Sales,Husband,White,Male,0,0,60,United-States
50,Local-gov,211133,Prof-school,15,Never-married,Exec-managerial,Not-in-family,Black,Female,0,0,52,United-States
57,Self-emp-inc,209617,Prof-school,15,Married-civ-spouse,Transport-moving,Husband,White,Male,15024,0,50,United-States
38,Private,125354,Masters,14,Married-civ-spouse,Exec-managerial,Husband,White,Male,0,0,60,United-States
40,State-gov,159379,Prof-school,15,Married-civ-spouse,Prof-specialty,Husband,White,Male,0,0,38,United-States
48,Private,268346,Prof-school,15,Married-civ-spouse,Tech-support,Husband,White,Male,0,1977,40,United-States
46,Private,162835,Prof-school,15,Married-civ-spouse,Prof-specialty,Husband,White,Male,99999,0,50,United-States
45,Private,280275,Doctorate,16,Married-civ-spouse,Prof-specialty,Husband,White,Male,0,0,56,United-States
55,Private,205636,Masters,14,Married-civ-spouse,Exec-managerial,Husband,White,Male,0,1977,50,United-States
32,Private,142803,Masters,14,Married-civ-spouse,Exec-managerial,Husband,Black,Male,0,1977,40,United-States
64,Self-emp-not-inc,269502,Doctorate,16,Married-civ-spouse,Exec-managerial,Husband,White,Male,0,0,25,United-States
33,Private,188482,Prof-school,15,Never-married,Prof-specialty,Own-child,White,Male,0,0,42,United-States
43,Local-gov,140250,Masters,14,Divorced,Prof-specialty,Unmarried,White,Male,0,0,40,United-States
38,Private,141242,Masters,14,Married-civ-spouse,Prof-specialty,Husband,White,Male,0,0,35,United-States
43,Self-emp-not-inc,134941,Masters,14,Married-civ-spouse,Sales,Husband,White,Male,0,0,60,United-States
36,Private,209228,Prof-school,15,Divorced,Prof-specialty,Not-in-family,White,Male,99999,0,45,United-States
57,Self-emp-not-inc,221754,Prof-school,15,Married-civ-spouse,Sales,Wife,White,Female,15024,0,35,United-States
38,Federal-gov,236579,Masters,14,Married-civ-spouse,Exec-managerial,Husband,White,Male,0,0,40,United-States
34,Local-gov,148197,Masters,14,Never-married,Prof-specialty,Not-in-family,White,Female,0,0,50,United-States
31,Local-gov,312985,Doctorate,16,Never-married,Prof-specialty,Not-in-family,White,Male,0,0,50,Mexico
27,Private,219029,Prof-school,15,Married-civ-spouse,Adm-clerical,Husband,White,Male,0,0,40,United-States
59,Private,118368,Masters,14,Widowed,Prof-specialty,Not-in-family,White,Female,0,0,40,United-States
35,Private,193781,Masters,14,Never-married,Exec-managerial,Not-in-family,White,Male,0,0,40,United-States
40,Self-emp-not-inc,192954,Prof-school,15,Married-civ-spouse,Prof-specialty,Husband,White,Male,99999,0,70,United-States
38,Private,214983,Prof-school,15,Married-civ-spouse,Prof-specialty,Husband,White,Male,0,0,60,United-States
51,Private,313754,Doctorate,16,Married-civ-spouse,Prof-specialty,Husband,White,Male,15024,0,60,Iran
45,Private,361071,Doctorate,16,Widowed,Prof-specialty,Unmarried,White,Male,15020,0,40,Iran
61,Self-emp-inc,173172,Prof-school,15,Separated,Prof-specialty,Not-in-family,White,Male,0,0,40,United-States
42,Federal-gov,139842,Masters,14,Married-civ-spouse,Exec-managerial,Husband,White,Male,0,0,40,United-States
54,Private,190016,Masters,14,Married-civ-spouse,Sales,Husband,White,Male,0,0,40,United-States
59,Private,157240,Masters,14,Divorced,Prof-specialty,Not-in-family,White,Male,0,0,50,United-States
33,Private,20000,Preschool,1,Married-civ-spouse,Farming-fishing,Husband,White,Male,0,0,40,Mexico
39,Private,148039,Masters,14,Married-civ-spouse,Exec-managerial,Husband,White,Male,0,0,55,United-States
46,State-gov,142551,Masters,14,Never-married,Exec-managerial,Not-in-family,White,Female,0,0,38,United-States
41,Private,179038,Masters,14,Married-civ-spouse,Prof-specialty,Husband,White,Male,0,0,40,England
26,Private,189963,Masters,14,Married-civ-spouse,Prof-specialty,Husband,White,Male,5013,0,40,United-States
40,Private,248304,Prof-school,15,Married-civ-spouse,Craft-repair,Husband,White,Male,5178,0,40,Mexico
32,Self-emp-not-inc,320541,Doctorate,16,Married-civ-spouse,Exec-managerial,Husband,White,Male,0,0,40,United-States
25,Local-gov,153021,Masters,14,Never-married,Protective-serv,Not-in-family,White,Male,0,0,40,United-States
49,State-gov,265519,Doctorate,16,Married-civ-spouse,Exec-managerial,Husband,White,Male,0,0,50,United-States
36,Private,223046,Masters,14,Married-civ-spouse,Sales,Husband,White,Male,0,0,50,United-States
56,Private,206587,Masters,14,Married-civ-spouse,Craft-repair,Husband,White,Male,0,1977,44,United-States
68,State-gov,363255,Doctorate,16,Married-civ-spouse,Prof-specialty,Husband,White,Male,0,2377,60,United-States
53,State-gov,259568,Doctorate,16,Married-civ-spouse,Prof-specialty,Husband,White,Male,7688,0,50,United-States
37,Self-emp-inc,291535,Doctorate,16,Married-civ-spouse,Prof-specialty,Husband,Black,Male,0,0,99,United-States
27,Private,196552,Prof-school,15,Never-married,Prof-specialty,Not-in-family,White,Female,0,0,65,United-States
72,Self-emp-not-inc,315062,Doctorate,16,Married-civ-spouse,Prof-specialty,Husband,White,Male,0,2392,25,United-States
36,Private,180772,Masters,14,Married-civ-spouse,Prof-specialty,Husband,Asian-Pac-Islander,Male,0,0,40,China
44,State-gov,184814,Masters,14,Married-civ-spouse,Prof-specialty,Husband,Black,Male,7688,0,40,United-States
42,Private,289964,Prof-school,15,Married-civ-spouse,Prof-specialty,Husband,White,Male,0,1902,60,United-States
37,Private,135500,Masters,14,Divorced,Exec-managerial,Unmarried,White,Female,0,213,45,United-States
43,Private,192725,Masters,14,Married-civ-spouse,Prof-specialty,Husband,Other,Male,0,0,50,United-States
53,Local-gov,140547,Masters,14,Divorced,Prof-specialty,Not-in-family,White,Female,0,0,35,United-States
34,Local-gov,122147,Masters,14,Divorced,Prof-specialty,Not-in-family,White,Female,0,0,50,United-States
38,Private,201020,Masters,14,Married-civ-spouse,Exec-managerial,Husband,White,Male,0,1977,60,United-States
64,State-gov,140613,Masters,14,Married-civ-spouse,Prof-specialty,Wife,White,Female,0,0,5,United-States
56,Private,129346,Masters,14,Married-civ-spouse,Adm-clerical,Husband,White,Male,0,0,80,United-States
57,Private,208965,Prof-school,15,Never-married,Prof-specialty,Not-in-family,White,Female,0,0,40,United-States
32,Federal-gov,221718,Prof-school,15,Married-civ-spouse,Prof-specialty,Husband,White,Male,0,0,40,United-States
29,Local-gov,220557,Masters,14,Married-civ-spouse,Prof-specialty,Other-relative,White,Male,0,0,35,United-States
51,Self-emp-inc,81938,Masters,14,Married-civ-spouse,Exec-managerial,Husband,White,Male,0,0,50,United-States
40,Private,103680,Masters,14,Married-civ-spouse,Exec-managerial,Husband,White,Male,0,0,46,United-States
52,Self-emp-inc,228711,Prof-school,15,Married-civ-spouse,Prof-specialty,Husband,White,Male,99999,0,35,United-States
49,Private,149053,Masters,14,Never-married,Sales,Not-in-family,White,Female,0,0,35,United-States
51,Local-gov,103833,Masters,14,Married-civ-spouse,Prof-specialty,Husband,White,Male,0,0,60,United-States
53,Private,185662,Masters,14,Married-civ-spouse,Exec-managerial,Husband,White,Male,0,0,48,United-States
53,Private,132536,Masters,14,Divorced,Prof-specialty,Not-in-family,White,Female,0,0,40,United-States
42,Private,141535,Masters,14,Divorced,Prof-specialty,Not-in-family,White,Female,0,1876,40,United-States
49,Private,125005,Masters,14,Married-civ-spouse,Prof-specialty,Wife,White,Female,0,1977,40,United-States
48,Private,169384,Masters,14,Divorced,Sales,Not-in-family,White,Male,0,0,35,United-States
44,Private,220447,Prof-school,15,Never-married,Prof-specialty,Not-in-family,White,Female,0,0,40,United-States
34,Self-emp-not-inc,260179,Prof-school,15,Separated,Prof-specialty,Unmarried,White,Male,0,0,48,United-States
50,Self-emp-inc,269545,Prof-school,15,Married-civ-spouse,Prof-specialty,Husband,Asian-Pac-Islander,Male,7688,0,50,Philippines
27,Local-gov,131384,Masters,14,Never-married,Prof-specialty,Own-child,White,Male,0,0,52,United-States
31,Local-gov,130968,Masters,14,Married-civ-spouse,Prof-specialty,Husband,White,Male,0,0,40,United-States
40,Local-gov,71357,Masters,14,Married-civ-spouse,Prof-specialty,Husband,White,Male,0,1902,48,United-States
52,Private,86888,Preschool,1,Married-civ-spouse,Other-service,Not-in-family,White,Male,0,0,40,El-Salvador
39,Self-emp-not-inc,250259,Prof-school,15,Married-civ-spouse,Prof-specialty,Husband,White,Male,15024,0,60,United-States
33,Private,329790,Doctorate,16,Married-civ-spouse,Prof-specialty,Husband,White,Male,0,0,55,United-States
47,Local-gov,126263,Masters,14,Never-married,Prof-specialty,Not-in-family,White,Female,0,0,45,United-States
75,Self-emp-not-inc,279786,Doctorate,16,Married-civ-spouse,Prof-specialty,Husband,White,Male,4931,0,3,United-States
29,Private,140741,Masters,14,Never-married,Transport-moving,Own-child,Black,Male,0,0,40,United-States
28,Private,198146,Prof-school,15,Never-married,Prof-specialty,Not-in-family,White,Female,0,0,85,United-States
34,Local-gov,168951,Masters,14,Married-civ-spouse,Exec-managerial,Husband,White,Male,0,0,40,United-States
35,Self-emp-not-inc,176802,Masters,14,Married-civ-spouse,Sales,Husband,White,Male,0,0,40,United-States
35,Private,197580,Prof-school,15,Married-civ-spouse,Prof-specialty,Husband,White,Male,0,0,80,United-States
36,Private,306122,Doctorate,16,Married-civ-spouse,Prof-specialty,Husband,White,Male,0,0,50,Canada
34,Self-emp-inc,226298,Prof-school,15,Married-civ-spouse,Prof-specialty,Husband,White,Male,15024,0,40,United-States
33,Local-gov,77565,Masters,14,Married-civ-spouse,Prof-specialty,Husband,White,Male,7688,0,50,United-States
53,Private,211294,Masters,14,Married-civ-spouse,Exec-managerial,Husband,White,Male,15024,0,65,United-States
53,Federal-gov,264427,Doctorate,16,Married-civ-spouse,Prof-specialty,Husband,White,Male,15024,0,60,Germany
42,Private,156900,Masters,14,Married-civ-spouse,Sales,Husband,White,Male,0,0,50,United-States
43,Private,212197,Masters,14,Married-civ-spouse,Prof-specialty,Husband,White,Male,0,0,50,United-States
52,State-gov,232027,Doctorate,16,Married-civ-spouse,Prof-specialty,Husband,White,Male,0,0,40,Iran
68,Private,324432,Doctorate,16,Married-civ-spouse,Prof-specialty,Husband,White,Male,0,0,55,United-States
40,Self-emp-inc,246527,Prof-school,15,Married-civ-spouse,Prof-specialty,Husband,White,Male,0,0,50,United-States
43,Self-emp-inc,304145,Prof-school,15,Married-civ-spouse,Prof-specialty,Husband,Black,Male,0,0,99,United-States
57,Local-gov,234307,Masters,14,Married-civ-spouse,Exec-managerial,Husband,White,Male,0,0,50,United-States
33,State-gov,204568,Masters,14,Married-civ-spouse,Prof-specialty,Husband,White,Male,0,0,60,Canada
49,Private,158627,Masters,14,Married-civ-spouse,Exec-managerial,Husband,White,Male,0,1977,40,United-States
50,Self-emp-not-inc,250800,Prof-school,15,Married-civ-spouse,Prof-specialty,Husband,White,Male,0,0,40,United-States
53,State-gov,170462,Masters,14,Married-civ-spouse,Prof-specialty,Husband,White,Male,0,0,36,United-States
39,Federal-gov,278036,Prof-school,15,Never-married,Prof-specialty,Not-in-family,White,Male,0,0,55,United-States
57,State-gov,193184,Masters,14,Married-civ-spouse,Prof-specialty,Husband,White,Male,0,0,50,United-States
53,Private,190426,Masters,14,Married-civ-spouse,Exec-managerial,Husband,White,Male,15024,0,55,United-States
32,Local-gov,250530,Masters,14,Married-civ-spouse,Prof-specialty,Husband,White,Male,0,0,50,United-States
34,Private,193738,Masters,14,Married-civ-spouse,Exec-managerial,Husband,White,Male,0,1902,50,United-States
55,Private,269553,Doctorate,16,Married-civ-spouse,Exec-managerial,Husband,White,Male,0,0,60,United-States
24,State-gov,143486,Masters,14,Married-spouse-absent,Prof-specialty,Not-in-family,Asian-Pac-Islander,Female,0,0,10,China
38,Private,219866,Prof-school,15,Married-civ-spouse,Prof-specialty,Husband,White,Male,0,0,60,United-States
40,Private,204559,Masters,14,Never-married,Exec-managerial,Not-in-family,White,Male,0,0,40,United-States
47,Private,165349,Prof-school,15,Married-civ-spouse,Prof-specialty,Husband,Asian-Pac-Islander,Male,99999,0,55,Taiwan
40,State-gov,269648,Doctorate,16,Never-married,Prof-specialty,Not-in-family,Black,Female,0,0,40,United-States
51,Local-gov,148249,Masters,14,Never-married,Prof-specialty,Own-child,White,Male,0,0,40,United-States
31,Private,282261,Doctorate,16,Never-married,Prof-specialty,Not-in-family,White,Female,0,0,28,United-States
30,Local-gov,149162,Masters,14,Married-civ-spouse,Prof-specialty,Husband,White,Male,0,1887,45,United-States
42,Private,221226,Masters,14,Married-civ-spouse,Prof-specialty,Husband,White,Male,0,0,40,United-States
65,Self-emp-not-inc,204526,Prof-school,15,Divorced,Prof-specialty,Not-in-family,White,Male,0,1668,40,United-States
40,Federal-gov,196343,Masters,14,Married-civ-spouse,Tech-support,Husband,Asian-Pac-Islander,Male,0,1902,40,Philippines
49,Private,153922,Masters,14,Married-civ-spouse,Exec-managerial,Husband,White,Male,15024,0,50,United-States
37,Private,185628,Masters,14,Married-civ-spouse,Prof-specialty,Husband,White,Male,0,0,45,United-States
51,Federal-gov,285998,Doctorate,16,Never-married,Prof-specialty,Not-in-family,White,Female,0,1564,70,United-States
42,Self-emp-not-inc,249612,Prof-school,15,Married-civ-spouse,Prof-specialty,Husband,White,Male,0,0,38,United-States
49,Local-gov,208340,Masters,14,Married-civ-spouse,Exec-managerial,Husband,White,Male,0,0,50,United-States
46,Private,167636,Masters,14,Married-civ-spouse,Exec-managerial,Husband,White,Male,0,0,45,United-States
37,Self-emp-not-inc,310320,Prof-school,15,Married-civ-spouse,Prof-specialty,Husband,White,Male,99999,0,50,United-States
44,Local-gov,251218,Masters,14,Never-married,Prof-specialty,Not-in-family,White,Male,0,1876,42,United-States
55,Local-gov,128427,Masters,14,Widowed,Prof-specialty,Unmarried,White,Female,914,0,50,United-States
48,State-gov,97365,Masters,14,Divorced,Prof-specialty,Not-in-family,White,Male,0,0,40,United-States
25,Private,144270,Masters,14,Separated,Other-service,Own-child,White,Female,0,0,40,United-States
47,Private,155592,Masters,14,Never-married,Prof-specialty,Not-in-family,White,Female,0,0,35,United-States
44,Self-emp-not-inc,125675,Masters,14,Married-civ-spouse,Exec-managerial,Wife,White,Female,0,1902,60,United-States
30,Private,324437,Doctorate,16,Married-civ-spouse,Prof-specialty,Husband,Asian-Pac-Islander,Male,0,1977,40,China
56,Private,365663,Prof-school,15,Married-civ-spouse,Prof-specialty,Husband,White,Male,0,0,45,United-States
46,Self-emp-not-inc,147074,Masters,14,Married-civ-spouse,Craft-repair,Husband,White,Male,0,0,50,United-States
34,Private,249307,Prof-school,15,Married-civ-spouse,Prof-specialty,Husband,White,Male,0,0,50,United-States
47,Self-emp-inc,220728,Prof-school,15,Divorced,Prof-specialty,Not-in-family,White,Male,27828,0,50,United-States
33,State-gov,230479,Masters,14,Never-married,Prof-specialty,Not-in-family,Asian-Pac-Islander,Male,0,0,30,Japan
48,Local-gov,196327,Masters,14,Married-civ-spouse,Prof-specialty,Husband,White,Male,0,0,40,United-States
42,Self-emp-inc,239456,Prof-school,15,Married-civ-spouse,Prof-specialty,Husband,White,Male,0,1977,50,United-States
55,Private,188656,Masters,14,Married-civ-spouse,Exec-managerial,Husband,White,Male,0,1977,40,United-States
32,Private,196962,Masters,14,Married-civ-spouse,Prof-specialty,Husband,White,Male,0,0,40,United-States
33,Private,267128,Doctorate,16,Never-married,Prof-specialty,Not-in-family,White,Female,0,0,60,United-States
48,Private,330371,Doctorate,16,Married-civ-spouse,Prof-specialty,Husband,White,Male,0,0,40,United-States
39,Self-emp-inc,202151,Prof-school,15,Married-civ-spouse,Prof-specialty,Husband,White,Male,99999,0,65,United-States
47,State-gov,228175,Masters,14,Married-civ-spouse,Exec-managerial,Husband,White,Male,0,0,47,United-States
39,Private,150492,Masters,14,Married-civ-spouse,Transport-moving,Husband,White,Male,0,0,40,Poland
46,Private,159001,Masters,14,Married-civ-spouse,Prof-specialty,Husband,White,Male,0,0,60,United-States
28,Local-gov,133604,Masters,14,Married-civ-spouse,Prof-specialty,Wife,White,Female,0,1902,55,United-States
60,Self-emp-not-inc,202453,Masters,14,Married-civ-spouse,Exec-managerial,Husband,White,Male,0,0,40,United-States
47,Private,190418,Masters,14,Married-civ-spouse,Exec-managerial,Husband,White,Male,0,0,40,United-States
27,Private,137791,Masters,14,Never-married,Sales,Own-child,White,Male,0,0,40,United-States
49,Local-gov,141652,Masters,14,Married-civ-spouse,Prof-specialty,Wife,White,Female,0,0,50,United-States
43,State-gov,231157,Prof-school,15,Divorced,Prof-specialty,Not-in-family,White,Male,0,0,50,United-States
38,Private,296438,Doctorate,16,Married-civ-spouse,Exec-managerial,Wife,White,Female,99999,0,36,United-States
40,State-gov,422651,Doctorate,16,Married-civ-spouse,Prof-specialty,Husband,Asian-Pac-Islander,Male,0,0,40,Taiwan
41,Local-gov,193175,Prof-school,15,Married-civ-spouse,Prof-specialty,Husband,White,Male,0,2415,45,United-States
36,Local-gov,133640,Masters,14,Married-civ-spouse,Prof-specialty,Wife,White,Female,0,0,40,United-States
45,Private,336875,Doctorate,16,Married-civ-spouse,Prof-specialty,Husband,White,Male,0,0,50,United-States
44,Private,137009,Masters,14,Married-civ-spouse,Exec-managerial,Husband,White,Male,0,0,50,United-States
40,Private,178733,Masters,14,Divorced,Prof-specialty,Not-in-family,White,Male,0,0,43,United-States
80,Private,137348,Masters,14,Widowed,Prof-specialty,Not-in-family,White,Female,0,0,10,United-States
42,Federal-gov,156630,Masters,14,Divorced,Adm-clerical,Not-in-family,White,Male,0,2001,60,United-States
36,Self-emp-not-inc,302603,Doctorate,16,Never-married,Prof-specialty,Not-in-family,White,Male,0,0,40,United-States
47,Private,132481,Masters,14,Divorced,Prof-specialty,Unmarried,White,Female,0,0,50,United-States
30,Private,250282,Masters,14,Never-married,Prof-specialty,Not-in-family,White,Male,0,0,45,United-States
90,Local-gov,220144,Masters,14,Married-civ-spouse,Exec-managerial,Husband,White,Male,20051,0,60,United-States
63,Private,140224,Masters,14,Separated,Prof-specialty,Not-in-family,White,Female,0,0,40,United-States
26,Local-gov,133195,Masters,14,Married-spouse-absent,Prof-specialty,Not-in-family,White,Female,0,0,40,United-States
90,Private,211156,Masters,14,Never-married,Exec-managerial,Not-in-family,Black,Male,0,0,50,United-States
71,Local-gov,138420,Masters,14,Widowed,Prof-specialty,Not-in-family,White,Female,0,0,40,United-States
29,State-gov,195271,Masters,14,Married-civ-spouse,Adm-clerical,Husband,White,Male,0,0,36,United-States
44,Private,200689,Prof-school,15,Divorced,Prof-specialty,Not-in-family,White,Female,2354,0,99,United-States
33,Private,102101,Masters,14,Married-civ-spouse,Prof-specialty,Husband,White,Male,0,0,40,United-States
44,Private,242439,Prof-school,15,Married-civ-spouse,Prof-specialty,Husband,White,Male,99999,0,65,United-States
62,Self-emp-inc,238108,Masters,14,Married-civ-spouse,Sales,Husband,White,Male,0,0,45,United-States
53,Federal-gov,142853,Masters,14,Married-civ-spouse,Adm-clerical,Husband,White,Male,0,0,40,United-States
60,Private,203555,Masters,14,Divorced,Prof-specialty,Other-relative,Black,Male,0,0,40,United-States
34,State-gov,147580,Masters,14,Married-civ-spouse,Prof-specialty,Wife,Black,Female,0,0,40,United-States
42,State-gov,269093,Doctorate,16,Divorced,Prof-specialty,Not-in-family,White,Female,8614,0,60,United-States
44,State-gov,227041,Masters,14,Married-civ-spouse,Prof-specialty,Husband,White,Male,0,0,60,United-States
34,State-gov,202197,Masters,14,Married-civ-spouse,Prof-specialty,Husband,White,Male,7688,0,38,United-States
44,Private,202695,Masters,14,Married-civ-spouse,Exec-managerial,Husband,White,Male,0,0,40,United-States
51,Local-gov,127989,Masters,14,Married-civ-spouse,Prof-specialty,Husband,White,Male,0,0,45,United-States
44,Private,188138,Masters,14,Married-civ-spouse,Tech-support,Husband,White,Male,0,0,20,United-States
57,Self-emp-inc,175425,Prof-school,15,Married-civ-spouse,Prof-specialty,Husband,White,Male,99999,0,60,United-States
29,Private,184754,Masters,14,Married-civ-spouse,Prof-specialty,Husband,White,Male,0,0,40,United-States
53,State-gov,220655,Doctorate,16,Married-civ-spouse,Adm-clerical,Husband,White,Male,0,0,50,United-States
35,Private,199095,Masters,14,Never-married,Craft-repair,Not-in-family,White,Male,0,0,50,United-States
51,Private,138786,Masters,14,Married-civ-spouse,Exec-managerial,Husband,White,Male,0,0,50,United-States
37,Private,169175,Masters,14,Married-civ-spouse,Tech-support,Husband,White,Male,0,0,60,United-States
45,State-gov,169782,Masters,14,Divorced,Protective-serv,Not-in-family,White,Male,0,0,50,United-States
51,Private,285045,Doctorate,16,Never-married,Prof-specialty,Not-in-family,White,Male,0,0,40,United-States
35,Private,139079,Masters,14,Married-civ-spouse,Adm-clerical,Husband,White,Male,0,0,40,United-States
49,Private,141534,Masters,14,Married-spouse-absent,Adm-clerical,Unmarried,White,Female,0,0,40,United-States
55,Private,328740,Doctorate,16,Married-civ-spouse,Exec-managerial,Husband,White,Male,0,0,80,United-States
53,Private,180071,Masters,14,Married-civ-spouse,Sales,Husband,White,Male,7298,0,60,United-States
39,Self-emp-not-inc,225646,Prof-school,15,Married-civ-spouse,Prof-specialty,Husband,White,Male,15024,0,50,United-States
44,Local-gov,151293,Masters,14,Married-civ-spouse,Prof-specialty,Husband,White,Male,0,0,35,United-States
43,Self-emp-not-inc,249834,Prof-school,15,Married-civ-spouse,Prof-specialty,Husband,White,Male,0,0,30,United-States
38,Self-emp-not-inc,270872,Prof-school,15,Never-married,Prof-specialty,Not-in-family,White,Male,0,2824,45,United-States
45,Private,140980,Masters,14,Divorced,Transport-moving,Not-in-family,White,Male,14344,0,48,United-States
46,Local-gov,182427,Prof-school,15,Married-civ-spouse,Protective-serv,Husband,White,Male,0,0,40,United-States
57,Self-emp-not-inc,166305,Masters,14,Married-civ-spouse,Prof-specialty,Husband,White,Male,0,0,40,United-States
54,Private,326024,Doctorate,16,Married-civ-spouse,Prof-specialty,Husband,White,Male,0,1977,50,United-States
46,Private,239132,Masters,14,Married-civ-spouse,Tech-support,Husband,Asian-Pac-Islander,Male,0,0,40,Philippines
35,Private,164470,Masters,14,Married-civ-spouse,Sales,Husband,White,Male,0,0,40,United-States
35,Private,131705,Masters,14,Married-civ-spouse,Prof-specialty,Wife,White,Female,15024,0,50,United-States
41,Private,209550,Masters,14,Married-civ-spouse,Prof-specialty,Husband,White,Male,0,0,38,United-States
66,Private,116213,Masters,14,Married-civ-spouse,Sales,Husband,White,Male,0,0,50,United-States
64,Private,132525,Masters,14,Never-married,Prof-specialty,Not-in-family,White,Female,0,0,35,United-States
36,Self-emp-not-inc,157396,Masters,14,Never-married,Sales,Not-in-family,White,Male,10520,0,45,United-States
36,Private,257336,Masters,14,Married-civ-spouse,Sales,Husband,White,Male,15024,0,45,United-States
33,Self-emp-inc,234521,Masters,14,Married-civ-spouse,Craft-repair,Husband,White,Male,0,0,40,United-States
42,Private,205506,Masters,14,Divorced,Prof-specialty,Not-in-family,White,Male,4650,0,40,United-States
64,Self-emp-inc,375225,Doctorate,16,Married-civ-spouse,Prof-specialty,Husband,White,Male,7688,0,60,Canada
51,Private,130640,Masters,14,Married-civ-spouse,Prof-specialty,Wife,White,Female,99999,0,50,United-States
42,Private,122112,Masters,14,Never-married,Prof-specialty,Not-in-family,White,Female,0,0,40,United-States
39,Private,188641,Masters,14,Married-civ-spouse,Exec-managerial,Husband,White,Male,0,0,40,United-States
26,Private,206036,Prof-school,15,Never-married,Prof-specialty,Not-in-family,White,Female,0,0,30,United-States
48,Federal-gov,116594,Masters,14,Married-spouse-absent,Exec-managerial,Not-in-family,White,Female,10520,0,50,United-States
45,Local-gov,141853,Masters,14,Married-civ-spouse,Prof-specialty,Husband,White,Male,7688,0,55,United-States
28,Local-gov,138389,Masters,14,Married-civ-spouse,Prof-specialty,Wife,White,Female,0,0,20,United-States
37,Self-emp-not-inc,144332,Masters,14,Never-married,Exec-managerial,Not-in-family,White,Male,0,0,40,United-States
79,Private,321152,Doctorate,16,Married-civ-spouse,Prof-specialty,Husband,White,Male,20051,0,35,El-Salvador
71,Self-emp-not-inc,237579,Prof-school,15,Married-civ-spouse,Farming-fishing,Husband,White,Male,0,0,2,United-States
50,Private,168957,Prof-school,15,Married-civ-spouse,Prof-specialty,Husband,White,Male,0,0,60,United-States
40,Private,84182,Masters,14,Married-civ-spouse,Exec-managerial,Husband,White,Male,0,0,40,United-States
35,Federal-gov,203382,Masters,14,Never-married,Exec-managerial,Not-in-family,White,Male,8614,0,40,United-States
41,Private,141339,Masters,14,Never-married,Adm-clerical,Not-in-family,White,Female,0,0,40,United-States
54,Self-emp-not-inc,153284,Masters,14,Divorced,Sales,Not-in-family,White,Male,0,0,60,United-States
52,Local-gov,126436,Masters,14,Married-civ-spouse,Prof-specialty,Wife,White,Female,0,0,40,United-States
67,Private,152954,Masters,14,Married-civ-spouse,Prof-specialty,Husband,White,Male,20051,0,60,United-States
42,Self-emp-not-inc,145403,Masters,14,Married-civ-spouse,Prof-specialty,Husband,White,Male,0,0,65,United-States
70,Self-emp-not-inc,154107,Prof-school,15,Married-civ-spouse,Prof-specialty,Husband,White,Male,0,0,25,United-States
59,Private,323287,Doctorate,16,Married-civ-spouse,Exec-managerial,Husband,White,Male,0,0,40,United-States
40,Self-emp-inc,135570,Masters,14,Married-civ-spouse,Exec-managerial,Wife,White,Female,15024,0,30,Iran
43,Private,224011,Masters,14,Married-civ-spouse,Prof-specialty,Husband,White,Male,0,0,40,United-States
58,State-gov,139788,Masters,14,Married-civ-spouse,Prof-specialty,Husband,White,Male,0,1977,50,United-States
39,Private,191373,Masters,14,Married-civ-spouse,Sales,Husband,White,Male,0,0,50,United-States
42,Local-gov,119940,Masters,14,Divorced,Prof-specialty,Unmarried,White,Female,0,0,45,United-States
50,Local-gov,204914,Masters,14,Married-civ-spouse,Prof-specialty,Husband,White,Male,7298,0,40,United-States
75,State-gov,316184,Doctorate,16,Married-civ-spouse,Prof-specialty,Husband,Black,Male,0,0,20,United-States
48,Self-emp-inc,306015,Prof-school,15,Married-civ-spouse,Prof-specialty,Husband,White,Male,0,0,60,United-States
46,Self-emp-inc,157800,Masters,14,Married-civ-spouse,Exec-managerial,Husband,White,Male,0,2392,50,United-States
64,Private,103364,Masters,14,Married-civ-spouse,Prof-specialty,Husband,Asian-Pac-Islander,Male,0,2057,60,China
30,Private,165995,Prof-school,15,Married-civ-spouse,Prof-specialty,Husband,Black,Male,0,1740,40,Haiti
41,Private,175274,Masters,14,Married-civ-spouse,Exec-managerial,Husband,White,Male,15024,0,70,United-States
29,State-gov,133632,Masters,14,Never-married,Prof-specialty,Not-in-family,White,Male,0,0,40,United-States
27,Private,87444,Preschool,1,Married-civ-spouse,Farming-fishing,Other-relative,White,Male,41310,0,24,Mexico
42,Federal-gov,166131,Masters,14,Never-married,Exec-managerial,Not-in-family,White,Female,14084,0,60,United-States
55,Private,65752,Masters,14,Married-civ-spouse,Prof-specialty,Husband,White,Male,0,0,40,United-States
25,Private,153115,Masters,14,Never-married,Exec-managerial,Not-in-family,White,Female,0,0,43,United-States
52,Self-emp-inc,237304,Prof-school,15,Married-civ-spouse,Prof-specialty,Husband,White,Male,15024,0,60,United-States
34,Private,220423,Masters,14,Married-civ-spouse,Exec-managerial,Husband,White,Male,0,0,50,United-States
41,Local-gov,134434,Masters,14,Never-married,Prof-specialty,Not-in-family,Black,Female,0,0,40,United-States
49,Local-gov,155736,Masters,14,Never-married,Prof-specialty,Not-in-family,White,Female,4650,0,40,United-States
57,Local-gov,220026,Masters,14,Married-civ-spouse,Prof-specialty,Husband,White,Male,0,0,60,United-States
50,Self-emp-inc,169712,Prof-school,15,Married-civ-spouse,Prof-specialty,Husband,White,Male,0,0,75,United-States
39,Private,194118,Masters,14,Married-civ-spouse,Prof-specialty,Husband,White,Male,7688,0,40,United-States
51,Self-emp-not-inc,156649,Masters,14,Divorced,Exec-managerial,Unmarried,White,Male,25236,0,50,United-States
49,Self-emp-inc,59871,Masters,14,Divorced,Prof-specialty,Unmarried,White,Male,99999,0,80,Mexico
28,State-gov,251343,Masters,14,Married-civ-spouse,Exec-managerial,Husband,White,Male,0,0,50,United-States
55,Private,290469,Doctorate,16,Married-civ-spouse,Prof-specialty,Husband,White,Male,15024,0,30,United-States
26,State-gov,193552,Prof-school,15,Never-married,Prof-specialty,Not-in-family,Asian-Pac-Islander,Male,2463,0,50,India
33,Private,204536,Masters,14,Married-civ-spouse,Exec-managerial,Husband,White,Male,0,1902,45,Germany
39,Private,146408,Masters,14,Never-married,Craft-repair,Not-in-family,White,Female,0,0,50,United-States
45,Self-emp-inc,146117,Masters,14,Divorced,Sales,Unmarried,White,Female,25236,0,42,United-States
38,Private,189995,Masters,14,Married-civ-spouse,Prof-specialty,Husband,White,Male,0,0,45,United-States
37,Private,206597,Masters,14,Married-civ-spouse,Exec-managerial,Husband,White,Male,0,0,50,United-States
45,Private,146515,Masters,14,Married-civ-spouse,Prof-specialty,Husband,White,Male,0,0,55,United-States
39,Private,128367,Masters,14,Never-married,Exec-managerial,Not-in-family,White,Female,0,0,45,United-States
56,Self-emp-inc,182377,Masters,14,Divorced,Exec-managerial,Not-in-family,White,Male,27828,0,60,United-States
46,Federal-gov,262637,Doctorate,16,Never-married,Prof-specialty,Not-in-family,White,Female,0,1564,50,United-States
43,Self-emp-inc,211962,Prof-school,15,Married-civ-spouse,Prof-specialty,Husband,White,Male,0,1977,40,United-States
52,State-gov,230395,Masters,14,Never-married,Adm-clerical,Not-in-family,White,Male,0,0,70,United-States
36,Private,128817,Masters,14,Never-married,Prof-specialty,Not-in-family,White,Female,0,0,40,United-States
57,Private,104265,Masters,14,Married-civ-spouse,Adm-clerical,Husband,White,Male,0,0,40,United-States
46,Self-emp-inc,259827,Doctorate,16,Married-civ-spouse,Prof-specialty,Husband,White,Male,0,0,60,United-States
31,Private,250263,Prof-school,15,Divorced,Prof-specialty,Not-in-family,White,Male,14084,0,50,United-States
44,State-gov,228945,Masters,14,Married-civ-spouse,Prof-specialty,Husband,White,Male,0,0,40,United-States
39,Private,83598,Masters,14,Never-married,Exec-managerial,Not-in-family,White,Male,0,1974,40,United-States
54,Self-emp-not-inc,209419,Prof-school,15,Married-civ-spouse,Prof-specialty,Husband,Asian-Pac-Islander,Male,99999,0,50,Philippines
44,Private,180816,Masters,14,Married-civ-spouse,Prof-specialty,Husband,White,Male,0,0,45,United-States
67,Private,118815,Masters,14,Never-married,Other-service,Not-in-family,White,Female,0,0,40,United-States
45,Private,145572,Masters,14,Divorced,Prof-specialty,Unmarried,White,Female,0,0,50,United-States
28,Private,184688,Masters,14,Married-civ-spouse,Prof-specialty,Husband,White,Male,0,0,45,United-States
39,Local-gov,136026,Masters,14,Divorced,Prof-specialty,Unmarried,White,Female,0,0,40,United-States
54,Private,53115,Preschool,1,Married-civ-spouse,Farming-fishing,Husband,White,Male,0,0,60,United-States
35,Private,89697,Masters,14,Never-married,Exec-managerial,Not-in-family,Asian-Pac-Islander,Male,0,0,40,United-States
43,Local-gov,167040,Masters,14,Married-civ-spouse,Prof-specialty,Husband,White,Male,0,0,40,United-States
41,Federal-gov,159102,Masters,14,Married-civ-spouse,Exec-managerial,Husband,White,Male,0,0,40,United-States
39,Private,254753,Prof-school,15,Married-civ-spouse,Prof-specialty,Husband,White,Male,0,0,45,United-States
45,Private,219312,Prof-school,15,Never-married,Prof-specialty,Not-in-family,White,Male,0,0,40,United-States
46,Federal-gov,121463,Masters,14,Married-civ-spouse,Exec-managerial,Husband,White,Male,0,0,40,England
47,Local-gov,108315,Masters,14,Married-civ-spouse,Prof-specialty,Husband,White,Male,0,0,35,United-States
50,Local-gov,129557,Masters,14,Married-civ-spouse,Prof-specialty,Wife,White,Female,0,0,40,United-States
29,Private,342590,Doctorate,16,Married-civ-spouse,Prof-specialty,Husband,Asian-Pac-Islander,Male,0,0,60,India
32,Private,293841,Prof-school,15,Married-civ-spouse,Prof-specialty,Husband,White,Male,3908,0,40,United-States
29,Local-gov,161868,Masters,14,Married-civ-spouse,Prof-specialty,Husband,White,Male,0,0,50,United-States
57,Local-gov,135369,Masters,14,Married-civ-spouse,Prof-specialty,Wife,Black,Female,0,1977,40,United-States
29,Private,360266,Doctorate,16,Married-civ-spouse,Prof-specialty,Husband,White,Male,0,0,50,United-States
44,State-gov,221842,Masters,14,Married-civ-spouse,Prof-specialty,Husband,White,Male,7688,0,50,United-States
50,Private,174904,Prof-school,15,Married-civ-spouse,Prof-specialty,Husband,White,Male,0,0,36,United-States
41,Private,289782,Doctorate,16,Divorced,Sales,Unmarried,White,Female,0,0,50,United-States
30,Private,153957,Masters,14,Married-civ-spouse,Adm-clerical,Husband,White,Male,4386,0,40,United-States
56,Self-emp-not-inc,185350,Masters,14,Married-civ-spouse,Craft-repair,Husband,White,Male,0,0,50,United-States
30,Private,126312,Preschool,1,Never-married,Farming-fishing,Not-in-family,White,Male,0,0,40,Mexico
44,Local-gov,226874,Masters,14,Married-civ-spouse,Prof-specialty,Husband,White,Male,0,0,40,United-States
45,Private,141816,Masters,14,Divorced,Exec-managerial,Not-in-family,White,Female,0,0,40,United-States
30,Private,221131,Prof-school,15,Married-civ-spouse,Prof-specialty,Husband,White,Male,0,0,50,United-States
46,Private,147211,Masters,14,Divorced,Prof-specialty,Unmarried,White,Female,6497,0,50,United-States
33,Private,121829,Masters,14,Never-married,Exec-managerial,Not-in-family,White,Female,0,0,40,United-States
47,Private,131203,Masters,14,Divorced,Sales,Not-in-family,White,Female,0,0,6,United-States
47,Self-emp-not-inc,332435,Doctorate,16,Married-civ-spouse,Prof-specialty,Husband,White,Male,0,0,35,United-States
42,Self-emp-inc,336574,Doctorate,16,Married-civ-spouse,Prof-specialty,Husband,White,Male,0,1977,60,United-States
41,Private,192341,Masters,14,Married-civ-spouse,Prof-specialty,Husband,White,Male,0,0,40,United-States
52,Private,151457,Masters,14,Divorced,Prof-specialty,Unmarried,White,Male,15020,0,50,United-States
39,Private,206355,Prof-school,15,Married-civ-spouse,Prof-specialty,Wife,White,Female,7688,0,60,United-States
41,Local-gov,125038,Masters,14,Divorced,Prof-specialty,Unmarried,White,Female,0,0,55,United-States
40,Self-emp-not-inc,222779,Prof-school,15,Married-civ-spouse,Prof-specialty,Husband,White,Male,0,0,55,United-States
27,Private,259702,Doctorate,16,Never-married,Adm-clerical,Own-child,White,Female,0,0,40,United-States
42,State-gov,208842,Prof-school,15,Married-civ-spouse,Prof-specialty,Husband,Asian-Pac-Islander,Male,0,0,72,India
33,Private,181818,Prof-school,15,Never-married,Prof-specialty,Not-in-family,White,Female,0,0,50,United-States
42,State-gov,278496,Doctorate,16,Never-married,Exec-managerial,Not-in-family,White,Female,0,0,40,Italy
37,Private,277275,Doctorate,16,Married-civ-spouse,Prof-specialty,Wife,White,Female,0,0,35,United-States
54,State-gov,267299,Masters,14,Married-civ-spouse,Prof-specialty,Husband,Asian-Pac-Islander,Male,0,0,40,India
31,State-gov,355831,Doctorate,16,Married-civ-spouse,Exec-managerial,Husband,White,Male,7298,0,55,United-States
67,Self-emp-inc,150555,Masters,14,Married-civ-spouse,Sales,Husband,White,Male,0,0,48,United-States
38,State-gov,243051,Doctorate,16,Married-civ-spouse,Prof-specialty,Husband,Asian-Pac-Islander,Male,0,0,40,Taiwan
33,State-gov,229254,Masters,14,Married-civ-spouse,Protective-serv,Husband,Black,Male,0,0,40,United-States
44,Self-emp-not-inc,218556,Prof-school,15,Married-civ-spouse,Prof-specialty,Husband,White,Male,0,0,70,United-States
42,Private,147847,Masters,14,Married-civ-spouse,Prof-specialty,Husband,White,Male,0,0,50,United-States
42,Local-gov,226588,Masters,14,Married-civ-spouse,Prof-specialty,Husband,White,Male,0,0,35,United-States
47,Self-emp-not-inc,209676,Prof-school,15,Married-civ-spouse,Prof-specialty,Husband,White,Male,0,1977,50,United-States
60,Private,135403,Masters,14,Never-married,Prof-specialty,Not-in-family,White,Male,0,0,50,United-States
42,Local-gov,132789,Masters,14,Never-married,Prof-specialty,Not-in-family,White,Male,0,0,22,United-States
55,Self-emp-not-inc,241053,Masters,14,Married-civ-spouse,Prof-specialty,Husband,White,Male,0,0,55,United-States
47,Self-emp-inc,204642,Masters,14,Married-civ-spouse,Exec-managerial,Husband,White,Male,15024,0,50,United-States
28,Self-emp-not-inc,146608,Masters,14,Never-married,Prof-specialty,Own-child,White,Male,0,0,40,United-States
54,Local-gov,241472,Masters,14,Married-civ-spouse,Adm-clerical,Husband,White,Male,7298,0,40,United-States
38,Private,223045,Masters,14,Married-civ-spouse,Exec-managerial,Husband,White,Male,0,0,48,United-States
43,Private,139949,Masters,14,Married-civ-spouse,Prof-specialty,Wife,White,Female,0,0,45,United-States
48,Local-gov,118723,Masters,14,Never-married,Prof-specialty,Not-in-family,White,Female,0,0,52,United-States
66,Self-emp-not-inc,158635,Prof-school,15,Married-civ-spouse,Prof-specialty,Husband,White,Male,0,0,50,United-States
51,Local-gov,334236,Doctorate,16,Married-civ-spouse,Prof-specialty,Husband,White,Male,0,1887,40,United-States
33,Private,221524,Doctorate,16,Divorced,Sales,Not-in-family,White,Male,99999,0,60,United-States
39,Local-gov,166000,Masters,14,Married-civ-spouse,Prof-specialty,Husband,White,Male,0,0,45,United-States
41,Local-gov,128557,Masters,14,Divorced,Prof-specialty,Unmarried,White,Female,7430,0,36,United-States
44,Private,225717,Masters,14,Married-civ-spouse,Exec-managerial,Husband,White,Male,0,0,40,United-States
38,Self-emp-inc,172058,Prof-school,15,Married-civ-spouse,Prof-specialty,Husband,White,Male,0,0,45,United-States
43,Private,120215,Masters,14,Married-civ-spouse,Exec-managerial,Husband,White,Male,0,0,45,United-States
44,Private,237163,Masters,14,Married-civ-spouse,Exec-managerial,Husband,White,Male,0,0,35,United-States
38,Private,212881,Prof-school,15,Married-civ-spouse,Prof-specialty,Husband,White,Male,99999,0,70,United-States
45,Self-emp-not-inc,121080,Masters,14,Divorced,Prof-specialty,Not-in-family,White,Female,0,0,15,United-States
47,Private,201588,Masters,14,Divorced,Prof-specialty,Not-in-family,White,Male,0,0,40,United-States
34,Private,283139,Doctorate,16,Married-civ-spouse,Prof-specialty,Husband,White,Male,0,0,45,United-States
26,Local-gov,136723,Masters,14,Never-married,Prof-specialty,Not-in-family,White,Female,2174,0,40,United-States
57,Private,162555,Masters,14,Married-civ-spouse,Exec-managerial,Husband,White,Male,0,0,60,United-States
47,Local-gov,110699,Masters,14,Married-civ-spouse,Prof-specialty,Husband,White,Male,7688,0,60,United-States
84,Private,210125,Masters,14,Never-married,Prof-specialty,Not-in-family,White,Male,0,0,66,United-States
43,Private,230924,Prof-school,15,Separated,Tech-support,Not-in-family,White,Male,0,0,50,Columbia
39,Private,319777,Doctorate,16,Married-civ-spouse,Exec-managerial,Husband,White,Male,0,0,45,United-States
49,Local-gov,155773,Masters,14,Married-civ-spouse,Protective-serv,Husband,White,Male,0,0,40,United-States
52,Private,184170,Prof-school,15,Divorced,Exec-managerial,Not-in-family,White,Male,0,2559,60,United-States
51,Private,180333,Masters,14,Married-civ-spouse,Tech-support,Husband,White,Male,0,0,40,United-States
46,Private,128407,Masters,14,Widowed,Prof-specialty,Not-in-family,White,Female,0,0,44,United-States
35,Private,248592,Masters,14,Married-civ-spouse,Sales,Husband,White,Male,0,0,40,India
30,Local-gov,138245,Masters,14,Never-married,Prof-specialty,Not-in-family,White,Female,0,0,40,United-States
30,Private,153279,Masters,14,Married-civ-spouse,Prof-specialty,Husband,White,Male,0,0,38,United-States
59,Private,164491,Masters,14,Married-civ-spouse,Prof-specialty,Husband,White,Male,0,0,60,United-States
26,Private,20000,Preschool,1,Married-spouse-absent,Machine-op-inspct,Not-in-family,White,Male,0,1719,40,Mexico
73,Local-gov,136410,Masters,14,Married-civ-spouse,Prof-specialty,Husband,White,Male,0,0,10,Poland
49,Federal-gov,176927,Masters,14,Married-civ-spouse,Adm-clerical,Husband,White,Male,0,0,40,United-States
36,State-gov,371547,Doctorate,16,Never-married,Prof-specialty,Not-in-family,White,Male,0,0,45,United-States
47,Private,229617,Prof-school,15,Divorced,Adm-clerical,Not-in-family,White,Male,0,0,40,United-States
33,Private,289118,Doctorate,16,Married-civ-spouse,Prof-specialty,Husband,White,Male,0,0,60,United-States
34,Private,267207,Masters,14,Married-civ-spouse,Prof-specialty,Husband,White,Male,7688,0,55,United-States
48,Private,205514,Masters,14,Married-civ-spouse,Prof-specialty,Husband,White,Male,0,0,40,United-States
38,Private,249591,Prof-school,15,Separated,Prof-specialty,Not-in-family,White,Male,0,0,35,United-States
33,Private,173469,Masters,14,Married-civ-spouse,Prof-specialty,Husband,White,Male,0,0,45,United-States
29,Private,133142,Masters,14,Married-civ-spouse,Exec-managerial,Wife,White,Female,0,0,40,United-States
51,Private,279935,Doctorate,16,Divorced,Craft-repair,Not-in-family,White,Female,4787,0,60,United-States
64,Self-emp-not-inc,122541,Masters,14,Divorced,Prof-specialty,Not-in-family,White,Male,0,0,50,United-States
27,State-gov,209345,Masters,14,Never-married,Prof-specialty,Not-in-family,Asian-Pac-Islander,Male,0,0,20,China
21,Private,50143,Preschool,1,Never-married,Farming-fishing,Not-in-family,White,Male,0,0,50,Mexico
30,Private,200670,Prof-school,15,Never-married,Prof-specialty,Not-in-family,White,Female,0,0,45,United-States
55,Private,164027,Masters,14,Married-civ-spouse,Sales,Husband,White,Male,0,0,50,United-States
59,Private,58011,Masters,14,Married-civ-spouse,Exec-managerial,Husband,White,Male,0,0,45,United-States
39,Private,136221,Masters,14,Married-civ-spouse,Prof-specialty,Wife,White,Female,0,1902,18,United-States
39,Private,136305,Masters,14,Married-civ-spouse,Exec-managerial,Wife,White,Female,0,2415,65,United-States
32,Self-emp-inc,288250,Prof-school,15,Married-civ-spouse,Prof-specialty,Husband,White,Male,0,0,40,United-States
35,Self-emp-not-inc,224161,Prof-school,15,Married-civ-spouse,Prof-specialty,Husband,White,Male,0,0,50,United-States
36,Private,253316,Prof-school,15,Never-married,Prof-specialty,Not-in-family,Other,Male,0,0,40,India
27,Private,351153,Doctorate,16,Never-married,Prof-specialty,Not-in-family,White,Male,0,0,52,United-States
45,Private,275906,Prof-school,15,Married-civ-spouse,Prof-specialty,Husband,White,Male,0,0,60,United-States
53,Local-gov,132731,Masters,14,Never-married,Exec-managerial,Not-in-family,White,Female,14344,0,50,United-States
63,Self-emp-inc,253939,Prof-school,15,Married-civ-spouse,Prof-specialty,Husband,White,Male,15024,0,50,United-States
37,Private,96073,Masters,14,Divorced,Exec-managerial,Not-in-family,White,Male,0,0,65,United-States
40,Local-gov,129145,Masters,14,Never-married,Adm-clerical,Not-in-family,White,Female,0,1876,35,United-States
42,Private,288932,Masters,14,Married-civ-spouse,Exec-managerial,Husband,White,Male,0,0,40,United-States
37,Private,114131,Masters,14,Married-civ-spouse,Exec-managerial,Husband,White,Male,15024,0,45,United-States
29,Federal-gov,224644,Prof-school,15,Married-civ-spouse,Prof-specialty,Husband,White,Male,0,0,80,United-States
65,Private,297700,Doctorate,16,Married-civ-spouse,Exec-managerial,Husband,White,Male,0,0,40,United-States
47,Private,134561,Masters,14,Married-civ-spouse,Exec-managerial,Husband,White,Male,0,0,40,Japan
44,Federal-gov,172728,Prof-school,15,Married-civ-spouse,Prof-specialty,Husband,White,Male,0,0,40,United-States
49,State-gov,123391,Masters,14,Divorced,Prof-specialty,Unmarried,Black,Female,7430,0,40,United-States
55,Local-gov,263540,Doctorate,16,Never-married,Prof-specialty,Not-in-family,White,Female,0,0,60,United-States
39,Self-emp-not-inc,146762,Masters,14,Never-married,Prof-specialty,Not-in-family,White,Male,0,0,40,United-States
50,State-gov,229123,Prof-school,15,Married-civ-spouse,Exec-managerial,Husband,White,Male,0,0,52,United-States
43,State-gov,306707,Prof-school,15,Married-civ-spouse,Prof-specialty,Husband,White,Male,0,1977,70,United-States
39,Private,194993,Prof-school,15,Married-civ-spouse,Exec-managerial,Wife,White,Female,15024,0,47,United-States
45,Local-gov,117214,Masters,14,Divorced,Prof-specialty,Not-in-family,Black,Male,0,0,40,United-States
34,State-gov,150894,Masters,14,Never-married,Prof-specialty,Unmarried,Black,Female,0,0,24,United-States
47,Private,205486,Masters,14,Separated,Exec-managerial,Not-in-family,White,Male,99999,0,50,United-States
40,Self-emp-not-inc,265098,Prof-school,15,Married-civ-spouse,Prof-specialty,Husband,White,Male,0,0,40,United-States
44,State-gov,190091,Masters,14,Married-civ-spouse,Prof-specialty,Husband,White,Male,0,0,40,United-States
30,State-gov,168060,Masters,14,Married-civ-spouse,Prof-specialty,Husband,Asian-Pac-Islander,Male,0,0,10,China
47,Self-emp-not-inc,389089,Doctorate,16,Married-civ-spouse,Craft-repair,Husband,White,Male,0,0,50,United-States
45,Private,225376,Masters,14,Married-civ-spouse,Exec-managerial,Husband,White,Male,0,1902,50,United-States
37,Private,242992,Prof-school,15,Married-civ-spouse,Exec-managerial,Husband,White,Male,0,0,40,United-States
54,State-gov,117252,Masters,14,Married-spouse-absent,Prof-specialty,Not-in-family,Asian-Pac-Islander,Female,0,0,40,China
44,Self-emp-not-inc,237074,Prof-school,15,Married-civ-spouse,Prof-specialty,Husband,White,Male,0,0,60,United-States
70,Local-gov,136371,Masters,14,Never-married,Prof-specialty,Unmarried,White,Female,7896,0,50,United-States
43,Federal-gov,129242,Masters,14,Married-civ-spouse,Prof-specialty,Husband,White,Male,0,0,40,United-States
44,Local-gov,217124,Prof-school,15,Separated,Prof-specialty,Unmarried,White,Female,0,0,40,United-States
59,Local-gov,136494,Masters,14,Divorced,Prof-specialty,Not-in-family,White,Female,0,0,40,United-States
32,Private,213387,Prof-school,15,Married-civ-spouse,Sales,Husband,White,Male,15024,0,60,United-States
33,Federal-gov,216407,Prof-school,15,Never-married,Prof-specialty,Not-in-family,White,Female,0,0,65,United-States
53,Private,141972,Masters,14,Divorced,Sales,Not-in-family,White,Female,0,0,40,United-States
33,State-gov,168719,Masters,14,Never-married,Prof-specialty,Not-in-family,White,Male,0,0,60,United-States
28,Private,207714,Masters,14,Never-married,Prof-specialty,Not-in-family,White,Male,0,0,50,United-States
33,Private,183802,Masters,14,Married-civ-spouse,Prof-specialty,Husband,White,Male,0,0,37,United-States
44,Self-emp-not-inc,151128,Masters,14,Married-civ-spouse,Farming-fishing,Husband,White,Male,0,0,40,United-States
48,Local-gov,131429,Masters,14,Divorced,Exec-managerial,Unmarried,Black,Female,9562,0,40,United-States
32,Local-gov,177332,Masters,14,Never-married,Prof-specialty,Not-in-family,White,Male,0,0,60,United-States
52,Self-emp-inc,302458,Prof-school,15,Married-civ-spouse,Prof-specialty,Husband,Other,Male,99999,0,65,United-States
47,State-gov,187459,Doctorate,16,Married-civ-spouse,Prof-specialty,Husband,White,Male,15024,0,50,United-States
25,Private,146456,Masters,14,Never-married,Prof-specialty,Own-child,White,Female,2597,0,31,United-States
50,Private,98655,Masters,14,Married-civ-spouse,Exec-managerial,Husband,White,Male,99999,0,60,United-States
37,State-gov,99946,Masters,14,Married-civ-spouse,Exec-managerial,Husband,White,Male,0,0,38,United-States
42,Local-gov,188935,Masters,14,Divorced,Prof-specialty,Not-in-family,White,Male,0,0,40,United-States
27,Local-gov,126755,Masters,14,Never-married,Prof-specialty,Not-in-family,White,Female,0,0,40,United-States
20,Private,133008,Preschool,1,Never-married,Other-service,Own-child,White,Male,0,0,32,United-States
33,Private,203324,Masters,14,Married-civ-spouse,Prof-specialty,Husband,White,Male,0,0,33,United-States
39,Private,280272,Doctorate,16,Divorced,Prof-specialty,Unmarried,White,Female,0,0,80,United-States
90,Private,172243,Prof-school,15,Married-civ-spouse,Prof-specialty,Husband,White,Male,20051,0,72,United-States
34,Private,259182,Doctorate,16,Never-married,Prof-specialty,Not-in-family,White,Male,0,0,40,Taiwan
28,Private,225669,Prof-school,15,Never-married,Prof-specialty,Not-in-family,White,Male,0,0,60,United-States
36,State-gov,146544,Masters,14,Never-married,Prof-specialty,Not-in-family,White,Female,0,0,40,United-States
33,Private,181802,Masters,14,Married-civ-spouse,Tech-support,Husband,White,Male,0,0,15,United-States
46,Private,150996,Masters,14,Married-civ-spouse,Exec-managerial,Husband,White,Male,0,0,55,United-States
48,Private,115955,Masters,14,Married-civ-spouse,Exec-managerial,Husband,White,Male,0,0,40,United-States
41,Self-emp-not-inc,182104,Prof-school,15,Married-civ-spouse,Prof-specialty,Husband,White,Male,0,1977,60,United-States
47,State-gov,225131,Masters,14,Married-civ-spouse,Prof-specialty,Husband,White,Male,0,0,38,United-States
43,Private,146674,Masters,14,Never-married,Exec-managerial,Not-in-family,White,Female,0,0,25,United-States
42,Private,300473,Doctorate,16,Never-married,Prof-specialty,Not-in-family,White,Male,0,0,36,United-States
32,Private,201636,Prof-school,15,Married-civ-spouse,Prof-specialty,Wife,Asian-Pac-Islander,Female,15024,0,50,United-States
34,Self-emp-not-inc,201072,Prof-school,15,Never-married,Prof-specialty,Not-in-family,White,Female,0,0,60,United-States
47,Private,125523,Masters,14,Married-civ-spouse,Exec-managerial,Husband,White,Male,0,0,65,United-States
32,Private,229787,Prof-school,15,Married-civ-spouse,Prof-specialty,Husband,White,Male,0,1977,60,United-States
31,Self-emp-inc,249159,Doctorate,16,Never-married,Prof-specialty,Own-child,White,Male,0,0,40,United-States
46,State-gov,211031,Prof-school,15,Never-married,Prof-specialty,Not-in-family,White,Female,0,1564,55,United-States
41,Private,180449,Prof-school,15,Married-civ-spouse,Prof-specialty,Husband,White,Male,15024,0,50,United-States
34,Self-emp-not-inc,289093,Prof-school,15,Married-civ-spouse,Prof-specialty,Husband,White,Male,7688,0,60,United-States
32,Private,194300,Prof-school,15,Never-married,Prof-specialty,Not-in-family,White,Male,0,0,60,United-States
59,Private,164467,Masters,14,Married-civ-spouse,Exec-managerial,Husband,White,Male,0,0,40,United-States
33,Local-gov,130895,Masters,14,Never-married,Prof-specialty,Not-in-family,White,Female,0,0,40,Germany
41,Private,159229,Masters,14,Married-civ-spouse,Exec-managerial,Husband,White,Male,0,0,50,United-States
54,Self-emp-not-inc,173828,Masters,14,Married-civ-spouse,Sales,Husband,White,Male,4386,0,45,United-States
28,Private,147726,Masters,14,Divorced,Sales,Own-child,White,Female,0,0,40,United-States
68,Private,349213,Doctorate,16,Married-civ-spouse,Prof-specialty,Husband,White,Male,20051,0,55,United-States
40,Private,278118,Masters,14,Married-civ-spouse,Exec-managerial,Husband,White,Male,0,0,50,United-States
51,Self-emp-not-inc,138938,Masters,14,Divorced,Prof-specialty,Unmarried,White,Male,0,0,60,United-States
44,Local-gov,240801,Prof-school,15,Never-married,Prof-specialty,Not-in-family,White,Male,10520,0,40,United-States
37,Private,159849,Masters,14,Married-civ-spouse,Exec-managerial,Husband,White,Male,0,0,55,El-Salvador
41,Local-gov,137954,Masters,14,Never-married,Prof-specialty,Not-in-family,White,Female,0,0,40,United-States
34,Local-gov,152524,Masters,14,Widowed,Prof-specialty,Not-in-family,White,Female,0,0,40,United-States
39,State-gov,296460,Doctorate,16,Married-civ-spouse,Prof-specialty,Husband,White,Male,0,0,50,United-States
35,Private,240812,Prof-school,15,Married-civ-spouse,Prof-specialty,Husband,White,Male,0,0,75,United-States
28,Self-emp-not-inc,150657,Masters,14,Married-civ-spouse,Exec-managerial,Wife,White,Female,0,0,30,United-States
41,Private,134000,Masters,14,Never-married,Prof-specialty,Not-in-family,White,Female,27828,0,35,United-States
26,Federal-gov,212212,Masters,14,Never-married,Prof-specialty,Not-in-family,White,Male,0,0,40,United-States
50,Local-gov,187524,Masters,14,Married-civ-spouse,Prof-specialty,Husband,White,Male,0,0,50,United-States
52,Private,195258,Masters,14,Married-civ-spouse,Exec-managerial,Husband,White,Male,0,1902,50,Greece
37,Private,106527,Masters,14,Never-married,Prof-specialty,Unmarried,Asian-Pac-Islander,Male,0,0,40,South
52,Private,275827,Doctorate,16,Never-married,Exec-managerial,Not-in-family,White,Male,0,0,40,United-States
49,Private,57482,Masters,14,Married-civ-spouse,Exec-managerial,Husband,White,Male,0,0,45,United-States
41,State-gov,370660,Doctorate,16,Married-civ-spouse,Prof-specialty,Husband,White,Male,0,0,40,United-States
49,Private,229673,Masters,14,Married-spouse-absent,Prof-specialty,Not-in-family,White,Male,0,0,40,United-States
46,Private,245732,Masters,14,Married-civ-spouse,Exec-managerial,Husband,White,Male,0,0,50,United-States
36,State-gov,129228,Masters,14,Never-married,Prof-specialty,Own-child,White,Female,0,0,40,United-States
26,Self-emp-not-inc,296007,Prof-school,15,Never-married,Prof-specialty,Own-child,White,Male,0,0,20,United-States
55,Self-emp-inc,140758,Masters,14,Widowed,Sales,Not-in-family,White,Female,0,0,40,United-States
35,Private,172786,Masters,14,Married-civ-spouse,Machine-op-inspct,Husband,White,Male,0,0,48,United-States
45,Local-gov,194347,Masters,14,Married-civ-spouse,Prof-specialty,Husband,Black,Male,0,0,10,United-States
40,State-gov,133052,Masters,14,Married-civ-spouse,Prof-specialty,Wife,White,Female,15024,0,37,United-States
39,Local-gov,132102,Masters,14,Never-married,Prof-specialty,Unmarried,White,Female,0,0,43,United-States
25,Private,131611,Masters,14,Never-married,Prof-specialty,Own-child,White,Female,0,0,40,United-States
40,Self-emp-inc,233988,Masters,14,Married-civ-spouse,Sales,Husband,White,Male,0,0,70,United-States
58,Local-gov,152707,Masters,14,Married-civ-spouse,Prof-specialty,Husband,White,Male,0,0,40,United-States
48,Self-emp-not-inc,201554,Masters,14,Married-civ-spouse,Sales,Husband,Asian-Pac-Islander,Male,0,0,50,India
41,State-gov,155847,Masters,14,Never-married,Prof-specialty,Not-in-family,White,Male,0,0,40,United-States
44,Private,144248,Masters,14,Separated,Sales,Unmarried,White,Female,0,0,48,United-States
43,Private,113990,Masters,14,Divorced,Other-service,Unmarried,White,Female,0,0,40,United-States
53,Local-gov,130492,Masters,14,Divorced,Prof-specialty,Not-in-family,Black,Female,0,0,40,United-States
45,State-gov,121370,Masters,14,Married-civ-spouse,Prof-specialty,Husband,White,Male,0,0,60,United-States
43,Local-gov,136397,Masters,14,Never-married,Tech-support,Not-in-family,Black,Female,8614,0,47,United-States
43,Private,131334,Masters,14,Married-civ-spouse,Exec-managerial,Husband,White,Male,0,0,35,United-States
33,Private,355735,Doctorate,16,Married-civ-spouse,Prof-specialty,Husband,White,Male,0,0,40,United-States
35,Private,158670,Prof-school,15,Married-civ-spouse,Prof-specialty,Husband,White,Male,0,0,45,United-States
23,Private,129552,Masters,14,Never-married,Prof-specialty,Own-child,White,Female,0,0,36,United-States
49,Self-emp-not-inc,258443,Prof-school,15,Married-civ-spouse,Prof-specialty,Husband,White,Male,99999,0,35,United-States
28,Private,129405,Masters,14,Never-married,Prof-specialty,Not-in-family,White,Female,0,0,50,United-States
49,Self-emp-not-inc,156980,Prof-school,15,Married-civ-spouse,Prof-specialty,Husband,White,Male,0,0,85,United-States
47,Local-gov,142501,Masters,14,Divorced,Prof-specialty,Unmarried,White,Female,5455,0,45,United-States
49,State-gov,135561,Masters,14,Divorced,Prof-specialty,Not-in-family,White,Female,0,0,40,United-States
78,Private,137028,Masters,14,Widowed,Craft-repair,Unmarried,Asian-Pac-Islander,Male,0,0,40,South
51,Local-gov,206172,Prof-school,15,Never-married,Prof-specialty,Not-in-family,White,Male,3325,0,40,United-States
44,Private,206312,Prof-school,15,Married-civ-spouse,Prof-specialty,Husband,White,Male,0,0,29,United-States
38,Private,131867,Masters,14,Never-married,Exec-managerial,Not-in-family,White,Female,10520,0,50,United-States
44,Self-emp-not-inc,274331,Prof-school,15,Married-civ-spouse,Prof-specialty,Husband,White,Male,0,0,40,United-States
45,State-gov,219735,Masters,14,Married-civ-spouse,Adm-clerical,Husband,White,Male,0,0,40,India
28,Private,159046,Prof-school,15,Married-civ-spouse,Prof-specialty,Husband,Asian-Pac-Islander,Male,0,0,99,Philippines
44,Local-gov,141427,Masters,14,Married-civ-spouse,Prof-specialty,Wife,White,Female,0,0,40,United-States
45,Private,137866,Masters,14,Married-civ-spouse,Exec-managerial,Husband,White,Male,0,0,50,United-States
40,Self-emp-not-inc,313973,Prof-school,15,Married-civ-spouse,Prof-specialty,Husband,White,Male,0,0,45,United-States
34,Private,262563,Doctorate,16,Never-married,Prof-specialty,Not-in-family,White,Male,0,0,50,United-States
63,Private,127215,Masters,14,Divorced,Exec-managerial,Not-in-family,White,Female,0,0,40,United-States
51,Local-gov,131868,Masters,14,Married-civ-spouse,Prof-specialty,Wife,White,Female,0,0,40,United-States
64,State-gov,258003,Doctorate,16,Married-civ-spouse,Prof-specialty,Husband,White,Male,0,0,50,Columbia
67,Private,134827,Masters,14,Never-married,Prof-specialty,Not-in-family,White,Male,0,0,99,United-States
56,State-gov,328083,Doctorate,16,Married-civ-spouse,Prof-specialty,Not-in-family,Asian-Pac-Islander,Male,2885,0,40,China
32,Private,129163,Masters,14,Married-civ-spouse,Sales,Wife,White,Female,0,0,45,United-States
61,Self-emp-not-inc,171125,Prof-school,15,Married-civ-spouse,Prof-specialty,Husband,White,Male,0,0,50,England
63,Federal-gov,148537,Masters,14,Divorced,Prof-specialty,Not-in-family,White,Male,0,0,40,United-States
47,Local-gov,239527,Masters,14,Married-civ-spouse,Exec-managerial,Husband,White,Male,0,1977,41,United-States
50,Self-emp-inc,170228,Masters,14,Divorced,Exec-managerial,Not-in-family,White,Male,0,0,80,United-States
42,Self-emp-not-inc,293356,Doctorate,16,Never-married,Prof-specialty,Not-in-family,White,Female,0,0,45,United-States
43,Federal-gov,182349,Prof-school,15,Married-civ-spouse,Prof-specialty,Husband,Asian-Pac-Islander,Male,0,0,50,India
30,State-gov,231606,Masters,14,Married-civ-spouse,Prof-specialty,Husband,Asian-Pac-Islander,Male,0,0,17,Taiwan
39,Private,108091,Masters,14,Never-married,Sales,Not-in-family,Asian-Pac-Islander,Male,0,0,40,China
43,Local-gov,130922,Masters,14,Divorced,Prof-specialty,Unmarried,Black,Female,9562,0,40,United-States
47,Local-gov,116359,Masters,14,Never-married,Prof-specialty,Not-in-family,White,Male,0,0,40,United-States
41,State-gov,213262,Masters,14,Married-civ-spouse,Prof-specialty,Husband,White,Male,0,0,40,United-States
49,Self-emp-inc,147597,Masters,14,Separated,Exec-managerial,Not-in-family,White,Male,0,0,70,United-States
41,Local-gov,199131,Masters,14,Married-civ-spouse,Exec-managerial,Husband,White,Male,0,0,55,United-States
33,Self-emp-inc,335072,Doctorate,16,Married-civ-spouse,Prof-specialty,Husband,White,Male,0,0,40,Cuba
32,Self-emp-inc,344334,Doctorate,16,Never-married,Prof-specialty,Not-in-family,White,Male,0,0,77,United-States
71,Private,179498,Prof-school,15,Married-civ-spouse,Prof-specialty,Husband,White,Male,0,0,12,United-States
29,State-gov,177454,Masters,14,Married-civ-spouse,Prof-specialty,Husband,Asian-Pac-Islander,Male,0,0,20,Taiwan
43,State-gov,270999,Doctorate,16,Married-spouse-absent,Prof-specialty,Unmarried,White,Male,25236,0,64,United-States
50,Local-gov,135219,Masters,14,Married-civ-spouse,Prof-specialty,Wife,White,Female,15024,0,40,United-States
26,Private,138806,Masters,14,Never-married,Exec-managerial,Own-child,White,Female,0,0,40,United-States
36,Private,216390,Masters,14,Married-civ-spouse,Other-service,Husband,White,Male,0,0,40,United-States
36,Private,79109,Masters,14,Married-civ-spouse,Exec-managerial,Husband,White,Male,15024,0,50,United-States
50,Self-emp-not-inc,274518,Doctorate,16,Divorced,Prof-specialty,Not-in-family,White,Female,0,0,60,United-States
60,Private,71228,Masters,14,Married-civ-spouse,Exec-managerial,Husband,White,Male,0,0,50,United-States
43,Self-emp-inc,289915,Doctorate,16,Married-civ-spouse,Prof-specialty,Wife,White,Female,0,0,70,United-States
50,State-gov,137422,Masters,14,Divorced,Prof-specialty,Unmarried,White,Female,0,0,40,United-States
40,Self-emp-not-inc,304369,Prof-school,15,Married-civ-spouse,Prof-specialty,Husband,Amer-Indian-Eskimo,Male,0,1977,60,United-States
51,Federal-gov,236929,Doctorate,16,Married-civ-spouse,Prof-specialty,Husband,White,Male,4386,0,52,United-States
54,Private,171111,Masters,14,Married-civ-spouse,Exec-managerial,Husband,White,Male,0,0,45,United-States
59,Private,78280,Preschool,1,Never-married,Machine-op-inspct,Not-in-family,White,Male,0,0,40,Dominican-Republic
40,State-gov,135614,Masters,14,Never-married,Exec-managerial,Not-in-family,White,Female,0,0,35,United-States
46,Private,177917,Masters,14,Married-spouse-absent,Exec-managerial,Not-in-family,White,Male,0,0,70,United-States
40,Private,191820,Prof-school,15,Married-civ-spouse,Prof-specialty,Husband,White,Male,0,0,40,United-States
50,Private,148367,Masters,14,Never-married,Prof-specialty,Unmarried,White,Female,0,0,40,United-States
48,Self-emp-not-inc,253150,Prof-school,15,Divorced,Prof-specialty,Unmarried,White,Male,14084,0,63,United-States
41,Self-emp-not-inc,274316,Masters,14,Divorced,Handlers-cleaners,Unmarried,White,Male,0,0,40,Peru
34,Private,208978,Masters,14,Married-civ-spouse,Prof-specialty,Husband,White,Male,0,0,45,United-States
47,Self-emp-not-inc,287619,Prof-school,15,Never-married,Prof-specialty,Not-in-family,White,Male,0,0,40,United-States
56,Private,156482,Masters,14,Never-married,Prof-specialty,Not-in-family,White,Male,0,0,66,United-States
25,Local-gov,145740,Masters,14,Never-married,Prof-specialty,Own-child,White,Male,0,0,20,United-States
45,State-gov,197304,Prof-school,15,Divorced,Prof-specialty,Unmarried,White,Female,0,0,43,United-States
65,Private,259579,Prof-school,15,Married-civ-spouse,Prof-specialty,Husband,White,Male,20051,0,60,United-States
49,Private,150865,Masters,14,Married-civ-spouse,Exec-managerial,Husband,White,Male,0,0,45,United-States
44,Self-emp-not-inc,119852,Masters,14,Never-married,Farming-fishing,Own-child,White,Male,0,0,99,United-States
39,Private,206768,Masters,14,Married-civ-spouse,Exec-managerial,Husband,White,Male,0,0,50,United-States
52,Federal-gov,203114,Masters,14,Married-civ-spouse,Exec-managerial,Husband,White,Male,5013,0,40,United-States
48,Local-gov,184060,Masters,14,Married-civ-spouse,Prof-specialty,Husband,White,Male,0,0,50,United-States
38,Private,208595,Masters,14,Married-civ-spouse,Prof-specialty,Husband,White,Male,0,0,40,England
51,Self-emp-not-inc,160183,Masters,14,Married-civ-spouse,Exec-managerial,Husband,White,Male,0,0,42,United-States
30,Private,312527,Prof-school,15,Divorced,Sales,Own-child,White,Male,0,0,55,United-States
46,Private,157128,Masters,14,Married-civ-spouse,Exec-managerial,Husband,White,Male,0,0,45,United-States
39,Local-gov,142893,Masters,14,Divorced,Prof-specialty,Not-in-family,White,Female,0,0,40,United-States
51,Private,184385,Masters,14,Married-civ-spouse,Protective-serv,Husband,White,Male,0,1977,40,United-States
51,Private,150800,Masters,14,Married-civ-spouse,Prof-specialty,Wife,White,Female,0,0,40,United-States
35,Private,219252,Prof-school,15,Never-married,Prof-specialty,Not-in-family,Asian-Pac-Islander,Male,0,0,40,India
35,State-gov,137470,Masters,14,Never-married,Prof-specialty,Not-in-family,White,Female,0,0,40,United-States
31,Private,244202,Masters,14,Married-civ-spouse,Prof-specialty,Husband,White,Male,0,0,50,United-States
41,Local-gov,293133,Prof-school,15,Married-civ-spouse,Prof-specialty,Husband,White,Male,0,0,50,United-States
65,Local-gov,220355,Masters,14,Married-civ-spouse,Prof-specialty,Husband,White,Male,0,1648,4,Greece
59,Private,361028,Prof-school,15,Married-civ-spouse,Prof-specialty,Husband,Asian-Pac-Islander,Male,99999,0,40,India
40,Private,171863,Masters,14,Married-civ-spouse,Exec-managerial,Husband,White,Male,15024,0,50,United-States
71,Private,226405,Prof-school,15,Married-civ-spouse,Prof-specialty,Husband,White,Male,0,0,16,United-States
44,Private,142995,Masters,14,Never-married,Prof-specialty,Not-in-family,White,Female,0,0,55,United-States
48,Private,161617,Masters,14,Married-civ-spouse,Transport-moving,Husband,White,Male,0,0,55,United-States
55,Private,159585,Masters,14,Married-civ-spouse,Tech-support,Husband,White,Male,0,1977,20,United-States
30,Private,235702,Prof-school,15,Married-civ-spouse,Prof-specialty,Husband,Asian-Pac-Islander,Male,0,0,20,India
39,Private,184346,Masters,14,Married-civ-spouse,Prof-specialty,Husband,White,Male,0,0,50,United-States
37,Private,198759,Prof-school,15,Married-civ-spouse,Prof-specialty,Husband,White,Male,0,0,40,United-States
45,Local-gov,355189,Doctorate,16,Married-civ-spouse,Exec-managerial,Husband,White,Male,7688,0,45,United-States
43,State-gov,93060,Masters,14,Married-civ-spouse,Prof-specialty,Husband,White,Male,0,0,40,United-States
35,Private,274156,Doctorate,16,Married-civ-spouse,Exec-managerial,Husband,White,Male,0,0,45,United-States
34,Private,202323,Masters,14,Married-civ-spouse,Craft-repair,Husband,White,Male,0,0,40,Mexico
29,Private,207100,Prof-school,15,Never-married,Prof-specialty,Not-in-family,White,Female,0,0,55,United-States
53,State-gov,147130,Masters,14,Married-civ-spouse,Exec-managerial,Husband,White,Male,15024,0,38,United-States
25,Private,166079,Masters,14,Never-married,Sales,Not-in-family,White,Male,0,0,55,United-States
72,Local-gov,268961,Doctorate,16,Married-civ-spouse,Exec-managerial,Husband,White,Male,0,1258,40,United-States
46,Private,116888,Masters,14,Married-civ-spouse,Prof-specialty,Husband,White,Male,0,0,41,United-States
56,Federal-gov,283510,Doctorate,16,Married-civ-spouse,Prof-specialty,Husband,White,Male,0,0,40,United-States
56,Self-emp-inc,316838,Doctorate,16,Married-civ-spouse,Prof-specialty,Husband,White,Male,99999,0,70,United-States
35,Federal-gov,254732,Prof-school,15,Married-civ-spouse,Prof-specialty,Husband,White,Male,0,0,55,United-States
52,Private,304289,Doctorate,16,Married-civ-spouse,Exec-managerial,Husband,White,Male,0,0,57,United-States
43,Private,127553,Masters,14,Divorced,Exec-managerial,Not-in-family,White,Female,0,0,50,United-States
46,Self-emp-not-inc,281011,Prof-school,15,Married-civ-spouse,Exec-managerial,Husband,White,Male,15024,0,55,United-States
58,Local-gov,148751,Masters,14,Widowed,Prof-specialty,Unmarried,White,Male,0,0,35,United-States
57,Private,137052,Masters,14,Divorced,Exec-managerial,Unmarried,White,Male,0,0,40,United-States
35,Private,163860,Masters,14,Married-civ-spouse,Exec-managerial,Husband,White,Male,0,0,50,United-States
52,Self-emp-inc,199566,Masters,14,Married-civ-spouse,Prof-specialty,Husband,White,Male,15024,0,60,United-States
47,Local-gov,213492,Masters,14,Married-civ-spouse,Exec-managerial,Husband,Black,Male,0,1977,50,United-States
32,Private,66100,Preschool,1,Married-civ-spouse,Machine-op-inspct,Wife,Asian-Pac-Islander,Female,4508,0,40,Cambodia
48,Local-gov,138648,Masters,14,Divorced,Prof-specialty,Unmarried,White,Female,0,0,80,United-States
29,Private,119394,Masters,14,Married-civ-spouse,Prof-specialty,Husband,White,Male,0,0,55,United-States
47,Local-gov,134455,Masters,14,Married-civ-spouse,Prof-specialty,Husband,White,Male,7688,0,45,United-States
46,Self-emp-inc,133467,Masters,14,Married-civ-spouse,Exec-managerial,Wife,White,Female,0,0,50,United-States
46,Private,120339,Masters,14,Married-civ-spouse,Tech-support,Husband,White,Male,0,1977,40,United-States
36,Self-emp-not-inc,285311,Doctorate,16,Separated,Prof-specialty,Unmarried,White,Female,0,0,10,Canada
66,Private,202348,Masters,14,Married-civ-spouse,Prof-specialty,Husband,White,Male,2936,0,20,United-States
34,Private,210463,Prof-school,15,Never-married,Prof-specialty,Not-in-family,Asian-Pac-Islander,Female,0,0,40,United-States
37,Private,202782,Masters,14,Divorced,Prof-specialty,Unmarried,White,Male,0,0,48,United-States
54,Private,117938,Masters,14,Married-civ-spouse,Prof-specialty,Husband,Asian-Pac-Islander,Male,7298,0,40,India
39,Self-emp-inc,162757,Masters,14,Married-civ-spouse,Exec-managerial,Husband,White,Male,0,0,50,United-States
55,Local-gov,200637,Prof-school,15,Divorced,Prof-specialty,Not-in-family,White,Female,0,0,39,United-States
63,State-gov,321929,Doctorate,16,Married-civ-spouse,Exec-managerial,Husband,White,Male,0,1902,50,United-States
45,Federal-gov,228624,Masters,14,Married-civ-spouse,Sales,Husband,White,Male,0,0,50,United-States
53,Private,148515,Preschool,1,Married-civ-spouse,Other-service,Husband,White,Male,0,0,40,Mexico
34,Private,166024,Prof-school,15,Never-married,Tech-support,Not-in-family,Asian-Pac-Islander,Male,0,1564,40,India
25,Private,134137,Masters,14,Never-married,Prof-specialty,Not-in-family,White,Female,4650,0,37,United-States
47,Private,263080,Doctorate,16,Married-civ-spouse,Prof-specialty,Husband,White,Male,0,0,50,United-States
36,Federal-gov,273271,Masters,14,Married-civ-spouse,Prof-specialty,Husband,White,Male,0,0,45,United-States
29,Private,134560,Masters,14,Never-married,Prof-specialty,Not-in-family,White,Female,0,0,50,United-States
47,Federal-gov,262621,Doctorate,16,Married-civ-spouse,Prof-specialty,Husband,White,Male,0,0,40,United-States
43,Private,305999,Prof-school,15,Married-spouse-absent,Prof-specialty,Not-in-family,White,Male,99999,0,40,United-States
43,Private,141831,Masters,14,Divorced,Exec-managerial,Unmarried,White,Female,0,2547,40,United-States
47,Private,240091,Prof-school,15,Married-civ-spouse,Exec-managerial,Husband,White,Male,7688,0,60,United-States
57,State-gov,315933,Doctorate,16,Divorced,Prof-specialty,Not-in-family,White,Male,0,0,60,United-States
30,Private,331902,Doctorate,16,Never-married,Prof-specialty,Own-child,White,Male,0,0,20,United-States
33,State-gov,138115,Masters,14,Never-married,Prof-specialty,Not-in-family,Black,Female,0,0,35,United-States
42,Local-gov,216592,Masters,14,Married-civ-spouse,Prof-specialty,Husband,White,Male,0,0,55,United-States
41,Local-gov,142536,Masters,14,Married-civ-spouse,Prof-specialty,Wife,Asian-Pac-Islander,Female,0,0,40,Taiwan
59,Private,281818,Doctorate,16,Married-civ-spouse,Prof-specialty,Husband,White,Male,0,0,60,United-States
49,Local-gov,166015,Masters,14,Married-civ-spouse,Adm-clerical,Husband,White,Male,0,0,40,United-States
41,State-gov,137552,Masters,14,Never-married,Adm-clerical,Not-in-family,Black,Female,0,0,40,United-States
29,Private,188256,Prof-school,15,Divorced,Prof-specialty,Own-child,White,Female,2174,0,72,United-States
42,Private,107987,Masters,14,Married-civ-spouse,Prof-specialty,Husband,White,Male,0,0,40,United-States
41,Private,70831,Masters,14,Married-civ-spouse,Machine-op-inspct,Husband,White,Male,0,0,40,United-States
41,Self-emp-not-inc,236601,Masters,14,Married-civ-spouse,Prof-specialty,Husband,White,Male,0,0,40,United-States
47,Self-emp-not-inc,138835,Masters,14,Married-civ-spouse,Prof-specialty,Wife,White,Female,0,0,20,United-States
24,Private,157365,Masters,14,Never-married,Prof-specialty,Not-in-family,White,Female,0,0,40,United-States
37,Federal-gov,133395,Masters,14,Never-married,Exec-managerial,Own-child,White,Female,0,0,40,United-States
30,Private,235584,Doctorate,16,Never-married,Prof-specialty,Not-in-family,White,Male,0,0,60,United-States
34,Local-gov,207899,Prof-school,15,Married-civ-spouse,Prof-specialty,Husband,White,Male,0,0,40,United-States
45,Private,144965,Masters,14,Married-civ-spouse,Exec-managerial,Husband,White,Male,0,0,40,United-States
35,Private,180566,Masters,14,Married-civ-spouse,Prof-specialty,Husband,White,Male,0,1977,45,United-States
46,Private,130569,Masters,14,Married-civ-spouse,Exec-managerial,Husband,Asian-Pac-Islander,Male,0,0,50,Japan
55,State-gov,175035,Masters,14,Married-civ-spouse,Exec-managerial,Husband,White,Male,0,0,45,United-States
43,State-gov,140600,Masters,14,Married-civ-spouse,Exec-managerial,Husband,White,Male,0,0,40,United-States
49,Local-gov,236208,Masters,14,Married-civ-spouse,Exec-managerial,Husband,Black,Male,0,0,47,United-States
48,Local-gov,247832,Prof-school,15,Married-civ-spouse,Prof-specialty,Husband,White,Male,0,0,45,United-States
38,State-gov,178596,Masters,14,Married-civ-spouse,Exec-managerial,Husband,White,Male,7298,0,60,United-States
36,State-gov,141893,Masters,14,Divorced,Prof-specialty,Unmarried,White,Male,5455,0,30,United-States
26,Private,166512,Masters,14,Never-married,Exec-managerial,Own-child,White,Male,0,0,38,United-States
59,State-gov,250770,Doctorate,16,Divorced,Prof-specialty,Unmarried,White,Male,25236,0,45,United-States
49,Private,81921,Masters,14,Married-civ-spouse,Exec-managerial,Husband,White,Male,0,0,40,United-States
35,Private,200323,Masters,14,Married-civ-spouse,Exec-managerial,Husband,White,Male,0,0,60,United-States
35,Local-gov,180033,Masters,14,Never-married,Prof-specialty,Not-in-family,White,Male,0,0,60,United-States
40,Local-gov,166454,Masters,14,Married-civ-spouse,Prof-specialty,Husband,White,Male,0,0,40,United-States
50,Self-emp-not-inc,142210,Masters,14,Married-civ-spouse,Prof-specialty,Wife,White,Female,0,0,40,Canada
51,Local-gov,140866,Masters,14,Married-civ-spouse,Prof-specialty,Husband,Amer-Indian-Eskimo,Male,0,0,40,United-States
42,Private,97846,Masters,14,Married-civ-spouse,Prof-specialty,Husband,White,Male,0,0,40,United-States
26,Private,134229,Masters,14,Never-married,Exec-managerial,Not-in-family,White,Male,0,0,32,United-States
39,Private,188364,Masters,14,Married-civ-spouse,Exec-managerial,Husband,White,Male,0,0,40,United-States
57,Private,89587,Masters,14,Married-civ-spouse,Prof-specialty,Husband,White,Male,0,1977,45,United-States
45,Local-gov,164137,Masters,14,Never-married,Prof-specialty,Not-in-family,White,Male,0,0,50,United-States
44,Private,245870,Doctorate,16,Married-civ-spouse,Prof-specialty,Husband,White,Male,0,0,40,United-States
44,State-gov,305873,Doctorate,16,Married-civ-spouse,Prof-specialty,Husband,White,Male,0,1902,40,United-States
44,Private,107024,Masters,14,Married-civ-spouse,Exec-managerial,Husband,White,Male,0,0,38,United-States
50,Local-gov,166061,Masters,14,Married-civ-spouse,Prof-specialty,Husband,White,Male,7688,0,50,United-States
38,Self-emp-not-inc,152035,Masters,14,Never-married,Prof-specialty,Not-in-family,White,Male,0,0,40,United-States
33,Local-gov,145569,Masters,14,Married-civ-spouse,Prof-specialty,Wife,White,Female,7688,0,35,United-States
43,Local-gov,139477,Masters,14,Married-civ-spouse,Prof-specialty,Wife,White,Female,0,0,40,United-States
29,Private,223557,Prof-school,15,Never-married,Prof-specialty,Own-child,White,Male,0,0,50,United-States
40,Local-gov,217747,Masters,14,Married-civ-spouse,Exec-managerial,Husband,White,Male,0,0,60,United-States
47,Local-gov,151587,Masters,14,Married-civ-spouse,Prof-specialty,Husband,White,Male,0,0,60,United-States
46,Private,137785,Masters,14,Married-civ-spouse,Prof-specialty,Wife,White,Female,7688,0,35,United-States
45,Private,336307,Doctorate,16,Married-civ-spouse,Prof-specialty,Husband,White,Male,7688,0,50,United-States
42,Self-emp-not-inc,261141,Prof-school,15,Married-civ-spouse,Prof-specialty,Husband,White,Male,0,0,50,United-States
46,Federal-gov,150332,Masters,14,Married-civ-spouse,Exec-managerial,Husband,White,Male,0,1977,40,United-States
53,Local-gov,136333,Masters,14,Divorced,Prof-specialty,Unmarried,White,Female,0,0,50,United-States
36,Self-emp-not-inc,277723,Prof-school,15,Never-married,Prof-specialty,Not-in-family,White,Male,0,0,55,United-States
39,Private,137021,Masters,14,Married-civ-spouse,Prof-specialty,Husband,White,Male,99999,0,40,United-States
33,Self-emp-inc,417938,Doctorate,16,Married-civ-spouse,Prof-specialty,Husband,White,Male,0,0,60,United-States
34,Private,123824,Masters,14,Married-civ-spouse,Exec-managerial,Husband,White,Male,0,0,50,France
48,Private,195084,Masters,14,Married-civ-spouse,Exec-managerial,Husband,White,Male,0,0,40,United-States
45,Private,138904,Masters,14,Married-civ-spouse,Adm-clerical,Husband,White,Male,0,0,45,United-States
46,Self-emp-inc,208129,Prof-school,15,Married-civ-spouse,Prof-specialty,Husband,White,Male,99999,0,60,United-States
52,State-gov,134017,Masters,14,Married-civ-spouse,Prof-specialty,Wife,Black,Female,0,1848,40,United-States
18,Local-gov,139508,Masters,14,Never-married,Prof-specialty,Own-child,White,Female,0,0,60,United-States
30,Private,214055,Masters,14,Married-civ-spouse,Prof-specialty,Husband,White,Male,0,0,44,United-States
33,Private,199566,Masters,14,Married-civ-spouse,Prof-specialty,Husband,White,Male,15024,0,40,United-States
50,Local-gov,144699,Masters,14,Divorced,Prof-specialty,Not-in-family,Amer-Indian-Eskimo,Female,0,0,50,United-States
37,Local-gov,189806,Masters,14,Married-civ-spouse,Protective-serv,Husband,White,Male,7688,0,50,United-States
42,Federal-gov,124937,Masters,14,Married-civ-spouse,Exec-managerial,Husband,White,Male,0,0,40,United-States
36,Local-gov,120590,Masters,14,Never-married,Prof-specialty,Not-in-family,Black,Female,0,0,40,United-States
43,Private,200948,Prof-school,15,Married-civ-spouse,Prof-specialty,Husband,White,Male,15024,0,55,United-States
48,State-gov,127059,Masters,14,Divorced,Prof-specialty,Unmarried,White,Female,0,0,40,United-States
41,State-gov,357843,Doctorate,16,Married-civ-spouse,Prof-specialty,Husband,White,Male,0,0,50,United-States
32,Private,299807,Doctorate,16,Never-married,Prof-specialty,Not-in-family,White,Male,0,0,40,United-States
68,Private,204965,Prof-school,15,Widowed,Prof-specialty,Unmarried,White,Female,0,0,16,United-States
53,Private,72649,Masters,14,Married-civ-spouse,Prof-specialty,Husband,White,Male,7298,0,40,United-States
29,Private,142602,Masters,14,Never-married,Prof-specialty,Not-in-family,White,Female,0,0,80,United-States
47,State-gov,312461,Doctorate,16,Divorced,Prof-specialty,Unmarried,White,Male,0,0,50,France
60,Local-gov,274461,Masters,14,Married-civ-spouse,Prof-specialty,Husband,White,Male,0,0,40,United-States
44,State-gov,203835,Masters,14,Married-civ-spouse,Prof-specialty,Husband,Black,Male,0,0,60,United-States
45,Private,152597,Masters,14,Married-civ-spouse,Exec-managerial,Husband,White,Male,7298,0,50,United-States
35,Local-gov,144179,Masters,14,Divorced,Adm-clerical,Unmarried,White,Female,0,0,41,United-States
50,State-gov,295727,Doctorate,16,Married-civ-spouse,Prof-specialty,Husband,White,Male,0,1902,45,United-States
43,Local-gov,123731,Masters,14,Divorced,Prof-specialty,Unmarried,White,Female,0,0,40,United-States
31,Private,138573,Masters,14,Never-married,Prof-specialty,Not-in-family,White,Female,0,0,60,United-States
28,Private,125646,Masters,14,Divorced,Prof-specialty,Not-in-family,White,Female,0,0,50,United-States
49,Private,270148,Prof-school,15,Married-civ-spouse,Prof-specialty,Husband,White,Male,0,0,60,United-States
46,Private,263198,Masters,14,Married-civ-spouse,Exec-managerial,Husband,White,Male,0,0,40,United-States
35,Self-emp-not-inc,166067,Masters,14,Married-civ-spouse,Exec-managerial,Husband,White,Male,7688,0,55,United-States
42,Private,122039,Masters,14,Divorced,Prof-specialty,Not-in-family,White,Female,2354,0,16,United-States
36,Private,131160,Masters,14,Never-married,Exec-managerial,Not-in-family,White,Female,14084,0,40,United-States
60,Private,228206,Prof-school,15,Married-civ-spouse,Prof-specialty,Husband,White,Male,3781,0,16,United-States
40,Private,207326,Prof-school,15,Never-married,Exec-managerial,Not-in-family,White,Female,0,0,40,Cuba
52,Self-emp-not-inc,203379,Masters,14,Married-civ-spouse,Exec-managerial,Husband,Asian-Pac-Islander,Male,0,0,40,Philippines
42,Private,212416,Masters,14,Never-married,Exec-managerial,Not-in-family,White,Male,0,0,45,United-States
53,Local-gov,157943,Masters,14,Married-civ-spouse,Exec-managerial,Husband,White,Male,0,0,43,United-States
45,Private,274671,Doctorate,16,Married-civ-spouse,Prof-specialty,Wife,White,Female,0,1977,30,United-States
42,Federal-gov,114734,Masters,14,Married-civ-spouse,Prof-specialty,Husband,Asian-Pac-Islander,Male,0,1902,40,South
49,Private,167556,Masters,14,Divorced,Exec-managerial,Unmarried,White,Male,0,1755,45,United-States
74,State-gov,290711,Doctorate,16,Never-married,Prof-specialty,Other-relative,White,Female,0,3683,20,United-States
42,Private,133137,Masters,14,Divorced,Adm-clerical,Not-in-family,White,Female,0,0,25,United-States
52,Private,200847,Prof-school,15,Married-civ-spouse,Prof-specialty,Wife,White,Female,3103,0,30,United-States
63,Self-emp-inc,211751,Masters,14,Divorced,Prof-specialty,Not-in-family,White,Male,0,0,70,United-States
51,Private,300757,Doctorate,16,Married-civ-spouse,Prof-specialty,Husband,Asian-Pac-Islander,Male,0,0,99,South
45,State-gov,133761,Masters,14,Divorced,Exec-managerial,Unmarried,White,Female,0,0,40,United-States
36,Private,72696,Masters,14,Never-married,Exec-managerial,Not-in-family,White,Male,0,0,15,United-States
47,Private,300263,Doctorate,16,Married-civ-spouse,Exec-managerial,Husband,White,Male,99999,0,50,United-States
61,Self-emp-not-inc,201625,Prof-school,15,Married-civ-spouse,Prof-specialty,Husband,White,Male,0,0,50,United-States
41,Federal-gov,178031,Masters,14,Married-civ-spouse,Exec-managerial,Husband,White,Male,0,0,60,United-States
27,Private,289143,Prof-school,15,Married-civ-spouse,Prof-specialty,Husband,White,Male,0,0,42,United-States
47,State-gov,317899,Doctorate,16,Married-civ-spouse,Prof-specialty,Husband,White,Male,0,0,40,United-States
37,Self-emp-not-inc,350085,Doctorate,16,Never-married,Prof-specialty,Not-in-family,White,Male,14084,0,45,United-States
46,Self-emp-not-inc,196394,Prof-school,15,Married-civ-spouse,Prof-specialty,Husband,White,Male,0,0,65,United-States
25,Private,139685,Masters,14,Never-married,Prof-specialty,Own-child,White,Female,0,0,35,United-States
44,Self-emp-inc,248888,Prof-school,15,Married-civ-spouse,Prof-specialty,Husband,White,Male,0,0,50,United-States
50,Private,183649,Masters,14,Married-civ-spouse,Exec-managerial,Husband,Asian-Pac-Islander,Male,7298,0,40,Philippines
60,Private,142129,Masters,14,Divorced,Prof-specialty,Not-in-family,White,Female,0,0,50,United-States
47,Private,131165,Masters,14,Married-civ-spouse,Adm-clerical,Wife,White,Female,7688,0,38,United-States
43,Self-emp-not-inc,132798,Masters,14,Never-married,Exec-managerial,Not-in-family,White,Female,0,0,40,United-States
31,State-gov,143537,Masters,14,Divorced,Adm-clerical,Not-in-family,White,Female,0,0,25,United-States
44,Local-gov,142798,Masters,14,Married-civ-spouse,Prof-specialty,Wife,White,Female,0,0,40,United-States
41,Private,303093,Doctorate,16,Married-civ-spouse,Prof-specialty,Husband,White,Male,0,0,60,United-States
24,Private,166528,Masters,14,Never-married,Prof-specialty,Not-in-family,White,Female,0,0,45,United-States
31,State-gov,200180,Masters,14,Married-civ-spouse,Prof-specialty,Husband,White,Male,0,0,50,United-States
24,State-gov,277386,Doctorate,16,Never-married,Prof-specialty,Not-in-family,White,Female,0,0,99,England
46,Private,138403,Masters,14,Divorced,Exec-managerial,Not-in-family,White,Female,0,0,50,United-States
26,Private,135648,Masters,14,Never-married,Exec-managerial,Not-in-family,White,Female,0,0,30,United-States
37,Private,148008,Masters,14,Never-married,Prof-specialty,Not-in-family,White,Female,0,0,38,United-States
69,State-gov,336997,Doctorate,16,Married-civ-spouse,Prof-specialty,Husband,White,Male,0,0,50,United-States
59,Private,145100,Masters,14,Married-civ-spouse,Craft-repair,Wife,Asian-Pac-Islander,Female,0,0,35,Philippines
30,Private,218728,Masters,14,Married-civ-spouse,Exec-managerial,Husband,White,Male,15024,0,60,United-States
46,Private,146248,Masters,14,Married-civ-spouse,Exec-managerial,Husband,White,Male,0,1977,45,United-States
49,Local-gov,143174,Masters,14,Widowed,Prof-specialty,Unmarried,White,Female,0,0,16,United-States
42,Private,259301,Masters,14,Married-civ-spouse,Exec-managerial,Husband,White,Male,0,0,60,United-States
41,Self-emp-not-inc,208943,Masters,14,Married-civ-spouse,Craft-repair,Husband,White,Male,0,0,65,United-States
67,Self-emp-not-inc,330743,Doctorate,16,Married-civ-spouse,Sales,Husband,White,Male,20051,0,40,United-States
34,Federal-gov,180879,Masters,14,Married-civ-spouse,Adm-clerical,Husband,White,Male,0,0,50,United-States
26,Private,132511,Masters,14,Never-married,Prof-specialty,Not-in-family,White,Female,0,0,40,United-States
46,State-gov,329946,Doctorate,16,Married-civ-spouse,Prof-specialty,Husband,White,Male,7688,0,45,United-States
52,Self-emp-not-inc,195051,Prof-school,15,Married-civ-spouse,Prof-specialty,Husband,White,Male,0,0,50,United-States
50,Self-emp-not-inc,312595,Doctorate,16,Married-civ-spouse,Prof-specialty,Husband,White,Male,3781,0,40,United-States
44,Private,265770,Prof-school,15,Married-civ-spouse,Prof-specialty,Husband,White,Male,15024,0,80,United-States
39,Self-emp-inc,118586,Masters,14,Married-civ-spouse,Prof-specialty,Wife,White,Female,0,0,40,United-States
57,Self-emp-not-inc,215342,Prof-school,15,Married-civ-spouse,Prof-specialty,Husband,White,Male,0,0,30,United-States
40,Local-gov,195966,Prof-school,15,Separated,Prof-specialty,Own-child,Black,Female,0,0,40,United-States
24,State-gov,133043,Masters,14,Never-married,Adm-clerical,Not-in-family,Black,Female,0,0,40,United-States
35,Private,123219,Masters,14,Never-married,Prof-specialty,Own-child,White,Male,0,0,44,United-States
67,Local-gov,137335,Masters,14,Never-married,Exec-managerial,Other-relative,White,Female,15831,0,72,United-States
50,Self-emp-not-inc,254059,Doctorate,16,Divorced,Sales,Not-in-family,White,Male,0,0,64,United-States
48,Private,217622,Masters,14,Married-civ-spouse,Prof-specialty,Husband,White,Male,0,0,40,El-Salvador
51,Private,149138,Masters,14,Married-civ-spouse,Sales,Husband,White,Male,0,0,40,United-States
52,Private,198464,Masters,14,Married-civ-spouse,Prof-specialty,Husband,White,Male,0,0,45,United-States
43,Local-gov,121324,Masters,14,Married-civ-spouse,Exec-managerial,Husband,White,Male,0,0,40,United-States
50,Local-gov,129897,Masters,14,Married-civ-spouse,Prof-specialty,Wife,White,Female,0,1902,40,United-States
41,State-gov,126023,Masters,14,Never-married,Prof-specialty,Own-child,White,Female,0,0,35,United-States
34,Federal-gov,214415,Prof-school,15,Married-civ-spouse,Prof-specialty,Husband,White,Male,0,0,40,United-States
53,Local-gov,203056,Masters,14,Married-civ-spouse,Exec-managerial,Husband,White,Male,7688,0,70,United-States
54,Self-emp-not-inc,178650,Masters,14,Divorced,Prof-specialty,Not-in-family,White,Male,0,0,50,United-States
39,Private,152978,Masters,14,Married-civ-spouse,Adm-clerical,Husband,White,Male,0,0,40,United-States
35,Self-emp-not-inc,267301,Prof-school,15,Married-civ-spouse,Prof-specialty,Husband,White,Male,0,0,50,United-States
36,Local-gov,136879,Masters,14,Married-civ-spouse,Prof-specialty,Wife,White,Female,0,0,60,United-States
40,Federal-gov,170015,Masters,14,Married-civ-spouse,Prof-specialty,Husband,White,Male,0,0,40,United-States
28,Private,227697,Masters,14,Married-civ-spouse,Prof-specialty,Husband,White,Male,0,0,48,United-States
68,Private,71274,Preschool,1,Never-married,Machine-op-inspct,Not-in-family,White,Male,0,0,10,United-States
41,Private,176069,Masters,14,Married-civ-spouse,Prof-specialty,Husband,White,Male,15024,0,50,United-States
34,Self-emp-not-inc,175257,Prof-school,15,Married-civ-spouse,Prof-specialty,Husband,White,Male,0,0,55,United-States
32,Private,130771,Masters,14,Never-married,Exec-managerial,Not-in-family,White,Female,13550,0,60,United-States
34,Private,132103,Masters,14,Divorced,Prof-specialty,Unmarried,White,Female,0,0,40,United-States
37,Local-gov,132177,Masters,14,Divorced,Exec-managerial,Not-in-family,White,Female,0,0,40,United-States
49,Local-gov,122489,Masters,14,Divorced,Prof-specialty,Not-in-family,White,Female,0,0,60,United-States
25,Private,174990,Masters,14,Married-civ-spouse,Exec-managerial,Husband,White,Male,0,0,40,United-States
41,Private,302504,Prof-school,15,Married-civ-spouse,Sales,Husband,White,Male,0,0,50,United-States
40,State-gov,320887,Doctorate,16,Married-civ-spouse,Prof-specialty,Husband,White,Male,0,0,50,United-States
56,State-gov,206709,Masters,14,Divorced,Prof-specialty,Not-in-family,White,Male,0,1669,40,United-States
41,Private,161308,Masters,14,Married-civ-spouse,Prof-specialty,Husband,White,Male,0,0,45,United-States
42,Self-emp-not-inc,273767,Doctorate,16,Married-civ-spouse,Prof-specialty,Husband,White,Male,15024,0,40,United-States
32,Private,209249,Masters,14,Separated,Exec-managerial,Not-in-family,White,Male,0,2824,55,United-States
55,Federal-gov,241031,Masters,14,Married-civ-spouse,Exec-managerial,Husband,Asian-Pac-Islander,Male,0,0,60,United-States
26,Local-gov,180024,Masters,14,Never-married,Prof-specialty,Not-in-family,White,Male,0,0,50,United-States
47,Private,166174,Masters,14,Divorced,Sales,Not-in-family,White,Male,27828,0,60,United-States
27,Private,209722,Prof-school,15,Married-civ-spouse,Prof-specialty,Wife,White,Female,0,0,50,United-States
44,Private,134141,Masters,14,Married-civ-spouse,Prof-specialty,Wife,White,Female,0,0,45,United-States
54,Local-gov,164819,Masters,14,Married-civ-spouse,Prof-specialty,Husband,White,Male,0,1977,40,United-States
57,Self-emp-not-inc,294472,Prof-school,15,Married-civ-spouse,Prof-specialty,Husband,White,Male,0,0,36,United-States
40,Private,347566,Doctorate,16,Married-civ-spouse,Exec-managerial,Husband,Asian-Pac-Islander,Male,3103,0,40,India
38,Private,260899,Prof-school,15,Married-civ-spouse,Prof-specialty,Husband,White,Male,0,0,99,United-States
40,Private,146499,Masters,14,Never-married,Prof-specialty,Not-in-family,White,Female,3325,0,40,United-States
49,State-gov,208663,Doctorate,16,Divorced,Prof-specialty,Unmarried,White,Male,0,0,50,United-States
41,Private,237739,Prof-school,15,Married-civ-spouse,Prof-specialty,Husband,White,Male,0,0,80,United-States
50,Private,170134,Masters,14,Married-civ-spouse,Prof-specialty,Husband,White,Male,0,1977,40,United-States
46,Local-gov,142782,Masters,14,Divorced,Prof-specialty,Unmarried,White,Female,0,0,50,Canada
49,Local-gov,160560,Masters,14,Married-civ-spouse,Prof-specialty,Husband,White,Male,0,0,40,United-States
46,Private,137176,Masters,14,Married-civ-spouse,Sales,Husband,White,Male,0,2415,65,United-States
50,Private,149493,Masters,14,Married-civ-spouse,Sales,Husband,White,Male,15024,0,40,United-States
29,Local-gov,135199,Masters,14,Never-married,Prof-specialty,Not-in-family,White,Male,0,0,45,United-States
25,Private,211647,Prof-school,15,Never-married,Prof-specialty,Not-in-family,White,Female,0,0,30,United-States
36,Private,224507,Masters,14,Married-civ-spouse,Prof-specialty,Husband,White,Male,0,1977,60,United-States
57,State-gov,257249,Doctorate,16,Married-civ-spouse,Prof-specialty,Husband,White,Male,0,0,40,United-States
44,Federal-gov,232916,Prof-school,15,Divorced,Prof-specialty,Unmarried,White,Male,0,0,40,United-States
37,Private,337618,Doctorate,16,Married-civ-spouse,Prof-specialty,Husband,White,Male,0,0,99,France
37,Private,122971,Masters,14,Divorced,Exec-managerial,Not-in-family,White,Male,0,0,45,United-States
42,Private,135233,Masters,14,Divorced,Prof-specialty,Unmarried,White,Female,0,0,40,United-States
55,Self-emp-inc,269978,Masters,14,Married-civ-spouse,Exec-managerial,Husband,White,Male,0,0,60,United-States
38,State-gov,273103,Doctorate,16,Married-civ-spouse,Prof-specialty,Husband,White,Male,0,0,45,United-States
46,Self-emp-not-inc,299175,Masters,14,Never-married,Exec-managerial,Not-in-family,White,Male,0,0,25,United-States
28,Local-gov,119938,Masters,14,Never-married,Prof-specialty,Not-in-family,White,Female,0,0,40,United-States
24,Private,134451,Masters,14,Married-civ-spouse,Prof-specialty,Wife,White,Female,0,0,35,United-States
40,Private,216612,Masters,14,Married-civ-spouse,Exec-managerial,Husband,White,Male,0,2415,45,United-States
44,Private,262541,Masters,14,Married-civ-spouse,Craft-repair,Husband,White,Male,15024,0,45,United-States
33,Private,235712,Prof-school,15,Never-married,Prof-specialty,Not-in-family,White,Male,0,0,40,United-States
48,Private,106849,Masters,14,Divorced,Exec-managerial,Not-in-family,White,Male,99999,0,50,United-States
60,State-gov,128701,Masters,14,Married-civ-spouse,Exec-managerial,Wife,White,Female,3103,0,40,United-States
49,Self-emp-inc,142749,Masters,14,Married-civ-spouse,Sales,Husband,White,Male,0,0,40,United-States
50,Self-emp-inc,302319,Prof-school,15,Married-civ-spouse,Prof-specialty,Husband,Asian-Pac-Islander,Male,0,0,40,India
40,Private,182775,Masters,14,Married-civ-spouse,Exec-managerial,Husband,White,Male,0,0,50,United-States
28,Private,199254,Masters,14,Never-married,Exec-managerial,Not-in-family,Other,Male,0,0,30,Cuba
53,Private,143950,Masters,14,Married-civ-spouse,Exec-managerial,Husband,White,Male,0,1977,55,United-States
80,Private,256869,Prof-school,15,Married-civ-spouse,Prof-specialty,Husband,White,Male,0,0,35,United-States
41,Private,253623,Prof-school,15,Married-civ-spouse,Prof-specialty,Husband,White,Male,99999,0,65,United-States
40,Private,210148,Prof-school,15,Never-married,Prof-specialty,Not-in-family,White,Female,14084,0,50,United-States
66,Local-gov,267108,Doctorate,16,Divorced,Prof-specialty,Not-in-family,White,Female,3273,0,40,United-States
52,Local-gov,173217,Masters,14,Never-married,Prof-specialty,Not-in-family,White,Male,0,0,32,United-States
27,Private,133988,Masters,14,Never-married,Adm-clerical,Not-in-family,White,Female,0,0,46,United-States
54,State-gov,317676,Doctorate,16,Married-civ-spouse,Prof-specialty,Husband,White,Male,0,0,46,England
62,Private,124151,Masters,14,Divorced,Prof-specialty,Not-in-family,White,Female,0,0,45,United-States
40,Private,158593,Masters,14,Married-civ-spouse,Exec-managerial,Husband,White,Male,0,0,50,United-States
72,Self-emp-inc,253288,Prof-school,15,Married-civ-spouse,Prof-specialty,Husband,White,Male,99999,0,50,United-States
59,Private,280944,Doctorate,16,Married-civ-spouse,Sales,Husband,White,Male,0,0,40,United-States
39,Self-emp-inc,292288,Prof-school,15,Married-civ-spouse,Prof-specialty,Husband,White,Male,0,1902,50,United-States
40,State-gov,143969,Masters,14,Married-civ-spouse,Prof-specialty,Wife,Asian-Pac-Islander,Female,0,0,38,China
42,Federal-gov,144931,Masters,14,Married-civ-spouse,Prof-specialty,Husband,White,Male,0,1902,40,United-States
54,Self-emp-not-inc,285731,Prof-school,15,Married-civ-spouse,Prof-specialty,Husband,White,Male,5178,0,50,United-States
39,Private,185130,Masters,14,Married-civ-spouse,Prof-specialty,Husband,White,Male,0,1848,50,United-States
36,Private,216367,Prof-school,15,Never-married,Exec-managerial,Not-in-family,White,Male,27828,0,50,United-States
25,Private,152657,Masters,14,Never-married,Adm-clerical,Own-child,White,Male,0,0,40,United-States
43,Private,190401,Masters,14,Married-civ-spouse,Prof-specialty,Husband,White,Male,0,0,40,United-States
46,Local-gov,133515,Masters,14,Divorced,Exec-managerial,Unmarried,White,Female,0,0,65,United-States
56,Private,150871,Masters,14,Married-civ-spouse,Prof-specialty,Wife,White,Female,0,0,40,United-States
42,Private,174969,Prof-school,15,Married-civ-spouse,Prof-specialty,Husband,White,Male,7298,0,35,United-States
39,Self-emp-inc,143182,Masters,14,Never-married,Prof-specialty,Not-in-family,White,Female,0,0,40,United-States
43,Local-gov,137405,Masters,14,Never-married,Exec-managerial,Not-in-family,White,Female,10520,0,50,United-States
64,Private,219558,Masters,14,Married-civ-spouse,Exec-managerial,Husband,White,Male,0,0,50,United-States
51,State-gov,289447,Doctorate,16,Married-civ-spouse,Exec-managerial,Husband,White,Male,7298,0,40,United-States
40,Self-emp-inc,181853,Masters,14,Married-civ-spouse,Craft-repair,Husband,White,Male,0,0,50,United-States
45,Local-gov,128185,Masters,14,Divorced,Prof-specialty,Own-child,White,Female,0,0,55,United-States
47,State-gov,286762,Doctorate,16,Married-civ-spouse,Prof-specialty,Husband,White,Male,0,0,45,United-States
39,Private,144542,Masters,14,Never-married,Prof-specialty,Not-in-family,White,Male,6849,0,40,United-States
27,Private,135315,Masters,14,Never-married,Exec-managerial,Own-child,White,Female,0,0,40,United-States
38,Local-gov,147435,Masters,14,Married-civ-spouse,Prof-specialty,Husband,White,Male,0,0,40,United-States
56,Private,113842,Masters,14,Never-married,Sales,Not-in-family,White,Male,0,0,50,United-States
48,Self-emp-not-inc,281536,Doctorate,16,Never-married,Prof-specialty,Unmarried,White,Female,0,0,60,United-States
59,Private,196147,Prof-school,15,Married-spouse-absent,Prof-specialty,Unmarried,White,Male,0,0,50,United-States
60,Self-emp-inc,222720,Prof-school,15,Married-civ-spouse,Prof-specialty,Husband,White,Male,0,2415,80,United-States
55,Private,146576,Masters,14,Married-civ-spouse,Exec-managerial,Husband,White,Male,99999,0,55,United-States
58,Self-emp-inc,254808,Prof-school,15,Never-married,Prof-specialty,Not-in-family,White,Male,27828,0,40,United-States
26,State-gov,149431,Masters,14,Married-civ-spouse,Prof-specialty,Husband,White,Male,0,0,30,United-States
27,State-gov,210439,Masters,14,Never-married,Prof-specialty,Not-in-family,White,Male,0,0,40,United-States
37,Self-emp-not-inc,175964,Masters,14,Married-civ-spouse,Exec-managerial,Husband,White,Male,0,0,50,United-States
38,Private,193212,Masters,14,Married-civ-spouse,Exec-managerial,Husband,White,Male,0,0,45,United-States
47,Local-gov,114562,Masters,14,Married-civ-spouse,Prof-specialty,Husband,White,Male,0,0,60,United-States
52,Local-gov,139618,Masters,14,Never-married,Prof-specialty,Own-child,White,Female,0,0,40,United-States
36,Private,131945,Masters,14,Widowed,Tech-support,Unmarried,Asian-Pac-Islander,Female,0,0,40,India
44,Private,115165,Masters,14,Divorced,Sales,Not-in-family,White,Male,0,0,24,Iran
45,Private,352403,Doctorate,16,Married-civ-spouse,Exec-managerial,Husband,White,Male,0,0,60,United-States
67,Local-gov,139971,Masters,14,Divorced,Adm-clerical,Not-in-family,White,Female,2009,0,40,United-States
42,State-gov,202820,Prof-school,15,Divorced,Prof-specialty,Unmarried,White,Female,0,0,40,United-States
43,State-gov,248677,Prof-school,15,Married-civ-spouse,Prof-specialty,Husband,White,Male,0,0,50,United-States
30,Self-emp-not-inc,275436,Prof-school,15,Never-married,Prof-specialty,Own-child,White,Male,0,0,40,United-States
50,Private,140054,Masters,14,Divorced,Exec-managerial,Not-in-family,White,Female,0,0,35,United-States
44,Private,271906,Doctorate,16,Married-civ-spouse,Exec-managerial,Wife,White,Female,15024,0,32,United-States
52,Private,180680,Masters,14,Married-civ-spouse,Prof-specialty,Husband,White,Male,0,0,40,United-States
39,State-gov,148093,Masters,14,Married-civ-spouse,Prof-specialty,Other-relative,Other,Female,7688,0,38,United-States
48,Private,143360,Masters,14,Married-civ-spouse,Exec-managerial,Wife,White,Female,0,1902,38,United-States
58,Self-emp-not-inc,142990,Masters,14,Widowed,Other-service,Not-in-family,White,Female,0,0,15,United-States
36,Self-emp-not-inc,278750,Prof-school,15,Married-civ-spouse,Sales,Husband,White,Male,0,0,30,United-States
55,Private,127617,Masters,14,Divorced,Prof-specialty,Not-in-family,White,Female,14084,0,40,United-States
35,Private,152176,Masters,14,Married-civ-spouse,Exec-managerial,Husband,White,Male,0,0,45,United-States
48,Self-emp-inc,174687,Masters,14,Married-civ-spouse,Other-service,Husband,White,Male,0,0,40,United-States
44,Private,292780,Prof-school,15,Married-civ-spouse,Prof-specialty,Husband,White,Male,0,0,50,United-States
43,Federal-gov,205055,Masters,14,Married-civ-spouse,Protective-serv,Husband,White,Male,0,0,35,United-States
51,Private,142936,Masters,14,Never-married,Prof-specialty,Not-in-family,White,Male,0,0,55,United-States
58,Private,328930,Doctorate,16,Married-civ-spouse,Prof-specialty,Husband,White,Male,0,0,50,United-States
26,Private,134314,Masters,14,Never-married,Other-service,Own-child,White,Female,0,0,40,United-States
59,State-gov,131747,Masters,14,Married-civ-spouse,Prof-specialty,Husband,White,Male,0,0,50,United-States
35,Private,377799,Doctorate,16,Married-civ-spouse,Prof-specialty,Husband,White,Male,0,0,60,United-States
46,Self-emp-inc,235008,Doctorate,16,Separated,Prof-specialty,Not-in-family,White,Male,0,0,35,United-States
53,State-gov,261101,Doctorate,16,Married-civ-spouse,Prof-specialty,Husband,White,Male,0,0,50,United-States
39,Self-emp-not-inc,82192,Masters,14,Married-civ-spouse,Craft-repair,Husband,White,Male,0,0,55,United-States
36,Private,198011,Prof-school,15,Married-civ-spouse,Prof-specialty,Wife,White,Female,15024,0,45,United-States
52,Local-gov,141937,Masters,14,Married-civ-spouse,Prof-specialty,Husband,White,Male,0,0,50,United-States
33,State-gov,135299,Masters,14,Married-civ-spouse,Prof-specialty,Husband,White,Male,0,0,50,United-States
38,Private,214836,Prof-school,15,Married-civ-spouse,Prof-specialty,Wife,White,Female,0,0,40,United-States
50,Local-gov,133402,Masters,14,Divorced,Prof-specialty,Not-in-family,White,Female,0,0,45,United-States
52,State-gov,281456,Doctorate,16,Married-civ-spouse,Prof-specialty,Husband,White,Male,0,1887,70,Germany
43,Private,224300,Masters,14,Married-civ-spouse,Exec-managerial,Husband,White,Male,7688,0,53,United-States
44,Private,205018,Masters,14,Married-civ-spouse,Prof-specialty,Husband,White,Male,0,0,44,United-States
45,Private,252156,Doctorate,16,Married-civ-spouse,Exec-managerial,Husband,White,Male,0,0,45,United-States
27,Self-emp-inc,179763,Masters,14,Never-married,Transport-moving,Own-child,White,Male,0,0,40,United-States
32,Private,136701,Masters,14,Never-married,Prof-specialty,Not-in-family,White,Female,0,0,20,United-States
21,Private,99115,Preschool,1,Never-married,Farming-fishing,Not-in-family,White,Male,0,0,50,Mexico
51,Local-gov,148670,Masters,14,Married-civ-spouse,Prof-specialty,Husband,White,Male,0,1977,35,United-States
43,Local-gov,182551,Masters,14,Married-civ-spouse,Prof-specialty,Husband,White,Male,0,0,40,United-States
57,Self-emp-not-inc,265564,Doctorate,16,Married-civ-spouse,Prof-specialty,Husband,White,Male,0,0,35,United-States
33,Self-emp-not-inc,295566,Doctorate,16,Never-married,Prof-specialty,Not-in-family,White,Male,0,0,45,United-States
35,Local-gov,152112,Masters,14,Never-married,Prof-specialty,Own-child,Black,Female,0,0,40,United-States
40,Private,155818,Masters,14,Never-married,Prof-specialty,Not-in-family,White,Female,0,0,45,United-States
38,Private,175038,Masters,14,Married-civ-spouse,Exec-managerial,Husband,White,Male,0,0,60,United-States
38,Private,217055,Masters,14,Divorced,Exec-managerial,Not-in-family,White,Male,0,0,45,United-States
28,Private,269608,Doctorate,16,Never-married,Prof-specialty,Not-in-family,White,Female,0,0,60,Germany
27,State-gov,213067,Prof-school,15,Never-married,Prof-specialty,Not-in-family,White,Male,0,0,70,United-States
53,Local-gov,124516,Masters,14,Divorced,Prof-specialty,Unmarried,White,Female,0,0,50,United-States
31,Private,98348,Masters,14,Married-civ-spouse,Exec-managerial,Husband,White,Male,0,2415,70,Taiwan
53,Private,142512,Masters,14,Never-married,Exec-managerial,Not-in-family,White,Female,0,0,60,United-States
52,Self-emp-inc,339119,Doctorate,16,Married-civ-spouse,Prof-specialty,Husband,White,Male,99999,0,65,United-States
23,Private,122642,Masters,14,Never-married,Sales,Not-in-family,White,Female,0,0,20,United-States
60,State-gov,287646,Doctorate,16,Married-civ-spouse,Prof-specialty,Husband,White,Male,7688,0,60,United-States
53,Private,275589,Doctorate,16,Divorced,Exec-managerial,Not-in-family,White,Female,0,0,55,United-States
29,Private,289191,Masters,14,Never-married,Exec-managerial,Not-in-family,Black,Male,0,0,60,United-States
32,Local-gov,255259,Masters,14,Married-civ-spouse,Prof-specialty,Husband,White,Male,0,0,48,United-States
35,Self-emp-not-inc,317948,Prof-school,15,Married-civ-spouse,Prof-specialty,Husband,White,Male,0,0,65,United-States
31,Private,199635,Masters,14,Married-civ-spouse,Sales,Husband,White,Male,0,0,76,United-States
46,Private,180879,Masters,14,Married-civ-spouse,Prof-specialty,Husband,White,Male,0,0,40,United-States
57,Self-emp-not-inc,112875,Masters,14,Married-civ-spouse,Tech-support,Husband,White,Male,0,0,38,United-States
32,Private,122345,Masters,14,Married-civ-spouse,Exec-managerial,Husband,White,Male,0,0,40,United-States
28,Self-emp-not-inc,184290,Prof-school,15,Never-married,Prof-specialty,Not-in-family,White,Male,2176,0,40,United-States
51,Private,178192,Masters,14,Married-civ-spouse,Prof-specialty,Husband,White,Male,0,0,47,United-States
45,Private,198333,Masters,14,Married-civ-spouse,Exec-managerial,Husband,White,Male,15024,0,60,England
46,Local-gov,119352,Masters,14,Widowed,Exec-managerial,Unmarried,Black,Female,0,0,35,United-States
51,Private,235946,Masters,14,Married-civ-spouse,Exec-managerial,Husband,White,Male,15024,0,60,United-States
30,Private,329836,Doctorate,16,Married-civ-spouse,Prof-specialty,Husband,White,Male,5178,0,75,United-States
28,Private,185659,Prof-school,15,Married-civ-spouse,Prof-specialty,Husband,White,Male,0,0,60,United-States
51,Self-emp-not-inc,272241,Prof-school,15,Married-civ-spouse,Prof-specialty,Husband,White,Male,0,0,40,United-States
58,Private,294016,Prof-school,15,Married-civ-spouse,Prof-specialty,Husband,White,Male,0,0,45,United-States
61,Private,259541,Doctorate,16,Married-civ-spouse,Prof-specialty,Husband,White,Male,0,0,40,United-States
50,Self-emp-inc,153621,Masters,14,Married-civ-spouse,Sales,Husband,White,Male,0,0,40,United-States
43,Private,192628,Masters,14,Married-civ-spouse,Exec-managerial,Husband,White,Male,0,0,50,United-States
41,Private,197041,Prof-school,15,Married-civ-spouse,Exec-managerial,Husband,White,Male,0,0,50,United-States
45,Private,225178,Masters,14,Married-civ-spouse,Sales,Husband,White,Male,0,0,40,United-States
75,Self-emp-not-inc,221132,Prof-school,15,Married-civ-spouse,Prof-specialty,Husband,White,Male,0,2174,50,United-States
30,Private,109915,Masters,14,Never-married,Prof-specialty,Not-in-family,Black,Male,0,0,30,United-States
45,Local-gov,131509,Masters,14,Married-civ-spouse,Prof-specialty,Wife,White,Female,0,1977,35,United-States
48,Self-emp-not-inc,148614,Masters,14,Married-civ-spouse,Exec-managerial,Husband,White,Male,0,0,40,Mexico
37,Local-gov,189340,Prof-school,15,Married-civ-spouse,Prof-specialty,Husband,White,Male,0,0,60,United-States
59,Private,329981,Prof-school,15,Never-married,Prof-specialty,Not-in-family,White,Male,0,0,50,United-States
58,Private,174889,Masters,14,Married-civ-spouse,Prof-specialty,Husband,White,Male,0,0,50,United-States
39,Private,224052,Prof-school,15,Divorced,Exec-managerial,Not-in-family,White,Male,0,0,50,United-States
59,Self-emp-not-inc,235308,Prof-school,15,Married-civ-spouse,Farming-fishing,Husband,White,Male,0,0,30,United-States
35,Private,218419,Masters,14,Married-civ-spouse,Exec-managerial,Husband,Asian-Pac-Islander,Male,0,0,65,Hong
46,Federal-gov,231926,Prof-school,15,Married-civ-spouse,Prof-specialty,Husband,White,Male,15024,0,50,United-States
62,Federal-gov,91712,Masters,14,Married-civ-spouse,Adm-clerical,Husband,White,Male,0,0,40,Italy
45,Local-gov,182871,Masters,14,Married-civ-spouse,Prof-specialty,Husband,White,Male,0,0,50,United-States
48,Private,242126,Masters,14,Married-civ-spouse,Prof-specialty,Husband,White,Male,0,1902,40,United-States
32,Private,86433,Masters,14,Married-civ-spouse,Prof-specialty,Husband,Asian-Pac-Islander,Male,0,0,40,India
56,Self-emp-not-inc,178322,Masters,14,Divorced,Sales,Not-in-family,White,Male,0,1876,60,United-States
49,Self-emp-inc,317215,Doctorate,16,Married-civ-spouse,Prof-specialty,Husband,Black,Male,0,0,60,United-States
38,State-gov,277639,Doctorate,16,Married-civ-spouse,Prof-specialty,Husband,White,Male,0,0,55,United-States
45,Local-gov,151195,Masters,14,Never-married,Prof-specialty,Not-in-family,White,Female,0,0,40,United-States
33,Federal-gov,178811,Masters,14,Married-civ-spouse,Transport-moving,Husband,Black,Male,0,0,40,Nicaragua
43,Private,104488,Masters,14,Married-civ-spouse,Prof-specialty,Husband,White,Male,0,0,55,United-States
53,Self-emp-inc,287256,Doctorate,16,Divorced,Exec-managerial,Not-in-family,White,Male,14084,0,50,United-States
59,Local-gov,217930,Masters,14,Divorced,Prof-specialty,Not-in-family,White,Male,0,0,40,United-States
53,State-gov,201728,Masters,14,Married-civ-spouse,Exec-managerial,Husband,White,Male,0,0,60,United-States
45,Local-gov,133194,Masters,14,Divorced,Prof-specialty,Not-in-family,White,Female,0,0,40,United-States
43,Federal-gov,271789,Doctorate,16,Separated,Prof-specialty,Unmarried,Black,Female,0,0,24,United-States
47,Private,199720,Prof-school,15,Married-civ-spouse,Prof-specialty,Husband,White,Male,0,0,50,United-States
47,Self-emp-not-inc,185082,Masters,14,Never-married,Exec-managerial,Not-in-family,Black,Male,0,0,25,United-States
32,Federal-gov,289879,Prof-school,15,Married-civ-spouse,Prof-specialty,Husband,White,Male,15024,0,50,United-States
43,Private,160334,Masters,14,Never-married,Prof-specialty,Not-in-family,White,Male,0,0,50,United-States
60,State-gov,368662,Doctorate,16,Married-civ-spouse,Prof-specialty,Husband,White,Male,0,1902,40,United-States
25,Private,114530,Masters,14,Married-civ-spouse,Machine-op-inspct,Not-in-family,White,Male,0,0,40,Mexico
46,Local-gov,58569,Masters,14,Married-civ-spouse,Prof-specialty,Husband,Black,Male,0,0,38,United-States
40,Private,250181,Prof-school,15,Married-civ-spouse,Prof-specialty,Husband,White,Male,15024,0,45,United-States
56,Private,173658,Masters,14,Married-civ-spouse,Prof-specialty,Husband,White,Male,0,0,40,United-States
58,Private,137022,Masters,14,Divorced,Adm-clerical,Not-in-family,White,Female,0,1980,45,United-States
43,State-gov,266526,Doctorate,16,Separated,Prof-specialty,Unmarried,White,Female,0,0,40,United-States
54,State-gov,275957,Doctorate,16,Never-married,Exec-managerial,Not-in-family,White,Female,0,0,50,United-States
41,Private,218739,Prof-school,15,Married-civ-spouse,Prof-specialty,Husband,White,Male,0,0,45,United-States
39,Private,135048,Masters,14,Divorced,Prof-specialty,Own-child,White,Female,1506,0,40,United-States
26,State-gov,145795,Masters,14,Never-married,Prof-specialty,Not-in-family,White,Female,0,0,40,United-States
54,Private,201982,Prof-school,15,Never-married,Prof-specialty,Other-relative,White,Female,0,0,65,United-States
59,Private,197890,Masters,14,Married-civ-spouse,Sales,Husband,White,Male,7298,0,55,United-States
37,Self-emp-not-inc,301645,Doctorate,16,Married-civ-spouse,Prof-specialty,Husband,White,Male,0,0,60,United-States
54,Private,150794,Masters,14,Married-civ-spouse,Prof-specialty,Husband,White,Male,0,0,40,United-States
71,Private,147001,Masters,14,Never-married,Other-service,Not-in-family,White,Female,0,0,20,United-States
40,Federal-gov,193838,Masters,14,Never-married,Prof-specialty,Not-in-family,White,Male,0,0,40,United-States
42,Private,183804,Masters,14,Married-civ-spouse,Sales,Husband,White,Male,0,0,40,Ecuador
39,Private,189082,Masters,14,Never-married,Sales,Not-in-family,White,Male,0,0,50,United-States
39,Self-emp-not-inc,287281,Prof-school,15,Married-civ-spouse,Prof-specialty,Husband,White,Male,0,1977,50,United-States
36,Private,139104,Masters,14,Married-civ-spouse,Prof-specialty,Husband,White,Male,0,0,40,United-States
32,Private,103459,Masters,14,Never-married,Adm-clerical,Not-in-family,White,Male,0,0,40,United-States
23,Private,142246,Masters,14,Never-married,Prof-specialty,Not-in-family,White,Male,0,0,40,United-States
52,Private,103773,Masters,14,Never-married,Prof-specialty,Not-in-family,White,Male,0,0,40,United-States
35,Self-emp-inc,240762,Prof-school,15,Married-civ-spouse,Prof-specialty,Husband,White,Male,0,0,50,United-States
56,Local-gov,138724,Masters,14,Widowed,Prof-specialty,Not-in-family,White,Female,0,0,40,United-States
36,Self-emp-not-inc,281605,Prof-school,15,Married-civ-spouse,Prof-specialty,Husband,White,Male,0,0,60,United-States
50,Self-emp-not-inc,198234,Prof-school,15,Married-civ-spouse,Prof-specialty,Husband,White,Male,0,0,50,United-States
33,Private,146236,Masters,14,Divorced,Exec-managerial,Own-child,White,Female,14084,0,50,United-States
33,State-gov,175280,Masters,14,Never-married,Prof-specialty,Not-in-family,White,Male,0,0,50,United-States
50,Private,145992,Masters,14,Married-civ-spouse,Prof-specialty,Wife,White,Female,0,0,40,United-States
53,Private,276800,Doctorate,16,Divorced,Prof-specialty,Not-in-family,White,Male,0,0,50,United-States
47,Private,186513,Masters,14,Married-civ-spouse,Prof-specialty,Husband,Asian-Pac-Islander,Male,0,0,45,India
66,Private,174759,Masters,14,Married-civ-spouse,Sales,Husband,White,Male,0,0,40,United-States
31,Private,220624,Masters,14,Never-married,Prof-specialty,Not-in-family,Black,Male,0,0,40,United-States
34,Local-gov,78082,Masters,14,Married-civ-spouse,Prof-specialty,Husband,Black,Male,0,0,40,United-States
57,Private,181120,Masters,14,Never-married,Exec-managerial,Not-in-family,White,Male,0,0,40,Cuba
50,Self-emp-inc,264629,Prof-school,15,Married-civ-spouse,Prof-specialty,Husband,White,Male,99999,0,80,United-States
36,State-gov,131835,Masters,14,Never-married,Prof-specialty,Own-child,White,Female,0,0,30,United-States
44,Self-emp-not-inc,130332,Masters,14,Divorced,Exec-managerial,Unmarried,White,Female,0,0,40,United-States
48,State-gov,174290,Masters,14,Married-civ-spouse,Prof-specialty,Husband,White,Male,15024,0,40,United-States
59,Private,366311,Doctorate,16,Never-married,Prof-specialty,Not-in-family,White,Male,0,0,50,United-States
54,Self-emp-not-inc,245974,Prof-school,15,Married-civ-spouse,Prof-specialty,Husband,White,Male,0,0,30,United-States
42,Self-emp-inc,254102,Doctorate,16,Married-civ-spouse,Prof-specialty,Husband,White,Male,0,0,45,United-States
51,Private,79320,Masters,14,Married-civ-spouse,Sales,Husband,White,Male,15024,0,50,United-States
75,Private,69983,Preschool,1,Never-married,Priv-house-serv,Not-in-family,Asian-Pac-Islander,Female,0,0,48,Philippines
34,Private,295926,Doctorate,16,Married-civ-spouse,Prof-specialty,Husband,White,Male,0,0,50,United-States
61,Private,123735,Masters,14,Married-civ-spouse,Sales,Husband,White,Male,3103,0,50,United-States
44,Private,270129,Masters,14,Married-civ-spouse,Adm-clerical,Husband,White,Male,3908,0,50,United-States
44,Self-emp-inc,266198,Doctorate,16,Married-civ-spouse,Prof-specialty,Husband,White,Male,0,0,60,United-States
33,Private,187942,Masters,14,Married-civ-spouse,Prof-specialty,Husband,White,Male,0,0,45,United-States
62,Self-emp-not-inc,263436,Prof-school,15,Married-civ-spouse,Prof-specialty,Husband,White,Male,0,0,15,United-States
46,Private,84370,Preschool,1,Married-civ-spouse,Machine-op-inspct,Wife,White,Female,0,0,40,Mexico
30,Private,269868,Doctorate,16,Never-married,Prof-specialty,Not-in-family,White,Female,0,0,15,United-States
48,Local-gov,130471,Masters,14,Never-married,Prof-specialty,Unmarried,White,Female,0,1380,40,United-States
34,Private,121886,Masters,14,Never-married,Exec-managerial,Unmarried,White,Female,0,0,50,United-States
49,Self-emp-not-inc,254587,Doctorate,16,Married-civ-spouse,Prof-specialty,Husband,White,Male,0,0,60,United-States
36,Private,234516,Masters,14,Never-married,Adm-clerical,Not-in-family,White,Male,13550,0,50,United-States
32,Private,125110,Masters,14,Married-civ-spouse,Exec-managerial,Wife,White,Female,0,0,40,United-States
37,Self-emp-not-inc,114780,Prof-school,15,Married-civ-spouse,Prof-specialty,Husband,White,Male,0,0,40,Cuba
60,Local-gov,106561,Masters,14,Married-civ-spouse,Prof-specialty,Husband,White,Male,0,0,48,United-States
30,State-gov,118840,Masters,14,Never-married,Adm-clerical,Not-in-family,Black,Female,0,0,20,United-States
34,Self-emp-not-inc,359125,Doctorate,16,Married-civ-spouse,Prof-specialty,Husband,White,Male,0,0,50,United-States
45,Self-emp-inc,218911,Prof-school,15,Married-civ-spouse,Prof-specialty,Husband,White,Male,0,0,35,United-States
44,State-gov,213833,Masters,14,Married-civ-spouse,Exec-managerial,Husband,White,Male,0,0,40,United-States
53,Private,203549,Masters,14,Married-civ-spouse,Prof-specialty,Husband,White,Male,0,0,40,United-States
49,Private,189492,Masters,14,Married-civ-spouse,Exec-managerial,Husband,White,Male,0,0,45,United-States
49,Private,250269,Prof-school,15,Married-civ-spouse,Prof-specialty,Husband,White,Male,0,0,45,United-States
55,Self-emp-not-inc,66144,Masters,14,Married-civ-spouse,Prof-specialty,Husband,White,Male,0,1977,40,United-States
37,Private,257272,Masters,14,Married-civ-spouse,Exec-managerial,Husband,White,Male,0,0,40,United-States
41,Self-emp-inc,285430,Doctorate,16,Married-civ-spouse,Prof-specialty,Husband,White,Male,99999,0,70,United-States
42,Private,205558,Masters,14,Married-civ-spouse,Prof-specialty,Husband,White,Male,7688,0,40,United-States
43,Private,145788,Masters,14,Married-civ-spouse,Exec-managerial,Husband,Asian-Pac-Islander,Male,0,0,40,India
64,Self-emp-inc,220220,Doctorate,16,Married-civ-spouse,Exec-managerial,Husband,White,Male,0,1902,60,United-States
69,Private,242565,Masters,14,Married-civ-spouse,Prof-specialty,Husband,White,Male,0,0,25,United-States
39,Local-gov,210477,Masters,14,Married-civ-spouse,Prof-specialty,Husband,White,Male,7298,0,40,United-States
47,Private,145916,Masters,14,Never-married,Prof-specialty,Not-in-family,White,Female,0,0,40,United-States
40,Private,203191,Masters,14,Married-civ-spouse,Prof-specialty,Husband,White,Male,0,0,60,United-States
34,Local-gov,139468,Masters,14,Never-married,Prof-specialty,Not-in-family,White,Female,0,0,40,United-States
49,State-gov,198792,Prof-school,15,Divorced,Exec-managerial,Not-in-family,White,Female,0,0,40,United-States
40,Self-emp-not-inc,169043,Masters,14,Married-civ-spouse,Sales,Husband,White,Male,3103,0,50,United-States
37,Self-emp-not-inc,224957,Masters,14,Married-civ-spouse,Exec-managerial,Husband,White,Male,0,0,60,United-States
29,Self-emp-inc,341660,Doctorate,16,Married-civ-spouse,Prof-specialty,Husband,White,Male,0,0,35,United-States
37,Private,130525,Masters,14,Married-civ-spouse,Exec-managerial,Husband,White,Male,0,0,50,Ecuador
34,Private,120328,Masters,14,Married-civ-spouse,Exec-managerial,Husband,White,Male,0,0,40,United-States
45,Local-gov,126553,Masters,14,Married-civ-spouse,Prof-specialty,Wife,White,Female,0,0,45,United-States
54,Private,159815,Masters,14,Married-civ-spouse,Sales,Husband,White,Male,0,0,68,United-States
50,Private,296036,Masters,14,Married-civ-spouse,Prof-specialty,Husband,White,Male,0,0,40,United-States
39,Self-emp-not-inc,289218,Doctorate,16,Never-married,Prof-specialty,Not-in-family,White,Male,4787,0,40,United-States
42,Private,185366,Masters,14,Married-civ-spouse,Prof-specialty,Husband,White,Male,0,1902,50,United-States
42,Private,118649,Masters,14,Never-married,Exec-managerial,Not-in-family,White,Female,4650,0,40,United-States
42,Self-emp-inc,89889,Masters,14,Married-civ-spouse,Farming-fishing,Husband,White,Male,0,0,60,United-States
42,Private,291177,Prof-school,15,Married-civ-spouse,Exec-managerial,Husband,White,Male,15024,0,40,United-States
45,Private,329723,Masters,14,Divorced,Exec-managerial,Unmarried,White,Male,7430,0,70,United-States
31,Private,164859,Masters,14,Married-civ-spouse,Prof-specialty,Husband,White,Male,5178,0,40,United-States
46,Private,137234,Masters,14,Divorced,Exec-managerial,Unmarried,White,Female,0,323,45,United-States
33,Federal-gov,216791,Prof-school,15,Married-civ-spouse,Prof-specialty,Wife,White,Female,0,0,40,United-States
45,Private,206143,Masters,14,Married-civ-spouse,Exec-managerial,Husband,White,Male,4386,0,40,United-States
49,Private,169354,Masters,14,Married-civ-spouse,Sales,Husband,White,Male,0,0,50,United-States
35,Federal-gov,276692,Doctorate,16,Never-married,Prof-specialty,Not-in-family,Amer-Indian-Eskimo,Female,0,0,60,United-States
29,Private,164593,Masters,14,Married-civ-spouse,Exec-managerial,Husband,Asian-Pac-Islander,Male,0,0,40,Japan
41,Private,151266,Masters,14,Married-civ-spouse,Exec-managerial,Husband,White,Male,0,0,45,United-States
57,Self-emp-inc,259024,Prof-school,15,Married-civ-spouse,Prof-specialty,Husband,Asian-Pac-Islander,Male,0,0,50,Taiwan
44,Private,254205,Masters,14,Married-civ-spouse,Exec-managerial,Husband,White,Male,5178,0,40,United-States
30,Private,135521,Masters,14,Never-married,Prof-specialty,Not-in-family,White,Female,0,0,45,United-States
58,Private,134525,Masters,14,Divorced,Prof-specialty,Not-in-family,White,Male,0,0,20,United-States
41,Local-gov,234949,Masters,14,Divorced,Prof-specialty,Not-in-family,White,Male,0,1974,40,United-States
52,Private,179819,Masters,14,Married-civ-spouse,Tech-support,Husband,White,Male,0,0,45,United-States
63,Federal-gov,283208,Doctorate,16,Divorced,Exec-managerial,Not-in-family,White,Female,0,2559,60,United-States
57,Self-emp-inc,276304,Prof-school,15,Married-civ-spouse,Prof-specialty,Husband,Asian-Pac-Islander,Male,15024,0,50,India
36,Self-emp-not-inc,216163,Masters,14,Married-civ-spouse,Prof-specialty,Husband,White,Male,0,0,45,United-States
59,Self-emp-inc,128604,Masters,14,Married-civ-spouse,Exec-managerial,Husband,White,Male,15024,0,80,United-States
55,Self-emp-not-inc,274307,Doctorate,16,Divorced,Exec-managerial,Not-in-family,White,Female,0,0,30,United-States
57,Local-gov,98332,Masters,14,Married-civ-spouse,Protective-serv,Husband,White,Male,0,0,14,United-States
53,Private,132753,Masters,14,Divorced,Prof-specialty,Unmarried,White,Female,0,1876,38,United-States
50,Local-gov,229781,Prof-school,15,Married-civ-spouse,Prof-specialty,Husband,White,Male,0,0,40,United-States
47,Private,168902,Masters,14,Married-civ-spouse,Exec-managerial,Husband,White,Male,99999,0,50,United-States
42,Private,57787,Masters,14,Married-civ-spouse,Prof-specialty,Husband,White,Male,0,0,60,United-States
48,Private,92453,Masters,14,Married-civ-spouse,Exec-managerial,Husband,White,Male,0,0,40,United-States
42,Local-gov,162146,Masters,14,Separated,Exec-managerial,Unmarried,Black,Male,0,0,45,United-States
51,Self-emp-not-inc,129774,Masters,14,Married-civ-spouse,Prof-specialty,Wife,White,Female,0,0,30,United-States
39,Private,189638,Masters,14,Never-married,Sales,Not-in-family,White,Male,0,2444,45,United-States
40,Private,189125,Masters,14,Married-civ-spouse,Exec-managerial,Husband,White,Male,0,0,65,United-States
37,Private,157687,Masters,14,Married-civ-spouse,Prof-specialty,Husband,White,Male,0,0,45,United-States
61,Local-gov,300302,Doctorate,16,Married-civ-spouse,Exec-managerial,Husband,White,Male,4064,0,40,United-States
38,Private,217719,Masters,14,Married-civ-spouse,Prof-specialty,Husband,Black,Male,0,0,40,United-States
61,Private,247155,Prof-school,15,Married-civ-spouse,Prof-specialty,Husband,White,Male,15024,0,20,United-States
53,Self-emp-not-inc,217911,Masters,14,Married-civ-spouse,Exec-managerial,Husband,White,Male,0,1977,40,United-States
46,Self-emp-inc,144712,Masters,14,Divorced,Sales,Not-in-family,White,Male,0,0,60,United-States
31,Self-emp-not-inc,262923,Doctorate,16,Never-married,Prof-specialty,Own-child,White,Female,0,0,48,United-States
38,Federal-gov,206564,Prof-school,15,Never-married,Prof-specialty,Not-in-family,Asian-Pac-Islander,Female,99999,0,57,Canada
47,Local-gov,214531,Masters,14,Divorced,Protective-serv,Not-in-family,Black,Male,0,0,50,United-States
48,Private,303284,Doctorate,16,Married-civ-spouse,Prof-specialty,Husband,Asian-Pac-Islander,Male,0,1902,40,China
34,Private,144834,Masters,14,Divorced,Prof-specialty,Own-child,White,Female,0,0,60,United-States
27,Private,107702,Masters,14,Never-married,Handlers-cleaners,Unmarried,White,Male,0,0,30,United-States
40,Private,292667,Doctorate,16,Married-civ-spouse,Prof-specialty,Husband,White,Male,0,0,60,United-States
57,Private,154309,Masters,14,Married-civ-spouse,Exec-managerial,Husband,White,Male,0,0,50,United-States
59,Self-emp-inc,195564,Prof-school,15,Married-civ-spouse,Prof-specialty,Husband,White,Male,0,0,40,United-States
46,Local-gov,141480,Masters,14,Divorced,Prof-specialty,Not-in-family,White,Female,0,1876,60,United-States
46,Local-gov,196501,Masters,14,Married-civ-spouse,Exec-managerial,Husband,White,Male,0,1902,45,United-States
31,Local-gov,149231,Masters,14,Never-married,Prof-specialty,Not-in-family,White,Female,0,0,50,United-States
24,State-gov,140967,Masters,14,Never-married,Prof-specialty,Not-in-family,Black,Female,0,0,40,United-States
39,Private,158125,Masters,14,Married-civ-spouse,Prof-specialty,Husband,White,Male,0,0,40,United-States
25,Private,126016,Masters,14,Never-married,Prof-specialty,Own-child,White,Female,0,0,40,United-States
41,Private,297972,Doctorate,16,Married-civ-spouse,Exec-managerial,Husband,White,Male,15024,0,50,Canada
31,Private,89676,Masters,14,Married-civ-spouse,Exec-managerial,Husband,White,Male,0,1977,48,United-States
42,Local-gov,184179,Prof-school,15,Married-civ-spouse,Exec-managerial,Husband,White,Male,0,0,55,United-States
37,Self-emp-not-inc,309478,Prof-school,15,Married-civ-spouse,Prof-specialty,Husband,White,Male,0,0,45,United-States
42,Private,278368,Doctorate,16,Married-spouse-absent,Prof-specialty,Unmarried,Amer-Indian-Eskimo,Female,0,0,40,United-States
41,Private,400064,Doctorate,16,Married-civ-spouse,Prof-specialty,Husband,White,Male,0,0,50,United-States
42,Self-emp-not-inc,212056,Prof-school,15,Married-civ-spouse,Prof-specialty,Husband,White,Male,99999,0,50,United-States
60,Local-gov,140298,Masters,14,Divorced,Prof-specialty,Not-in-family,White,Female,0,0,25,United-States
38,Local-gov,141728,Masters,14,Never-married,Prof-specialty,Not-in-family,White,Female,0,1669,55,United-States
57,Self-emp-inc,269441,Prof-school,15,Married-civ-spouse,Prof-specialty,Husband,White,Male,0,0,40,United-States
44,Self-emp-not-inc,306256,Prof-school,15,Married-civ-spouse,Prof-specialty,Husband,Asian-Pac-Islander,Male,0,0,60,Taiwan
25,Private,203050,Prof-school,15,Never-married,Prof-specialty,Not-in-family,White,Female,0,0,8,Italy
37,Self-emp-inc,158080,Masters,14,Married-civ-spouse,Exec-managerial,Husband,White,Male,0,0,70,United-States
44,Private,204557,Prof-school,15,Married-civ-spouse,Prof-specialty,Husband,White,Male,0,0,50,United-States
37,Private,326638,Prof-school,15,Married-civ-spouse,Sales,Husband,White,Male,0,0,45,United-States
45,Private,190153,Masters,14,Married-civ-spouse,Prof-specialty,Husband,White,Male,0,0,50,United-States
39,Local-gov,173159,Masters,14,Married-civ-spouse,Exec-managerial,Husband,White,Male,0,0,45,United-States
46,Private,145451,Masters,14,Married-civ-spouse,Exec-managerial,Husband,White,Male,15024,0,65,United-States
43,Private,205824,Masters,14,Married-civ-spouse,Exec-managerial,Husband,White,Male,0,0,50,United-States
30,Federal-gov,229313,Prof-school,15,Never-married,Prof-specialty,Not-in-family,Black,Female,0,0,40,United-States
42,Private,281547,Doctorate,16,Married-civ-spouse,Prof-specialty,Husband,White,Male,0,0,50,United-States
45,Local-gov,134019,Masters,14,Divorced,Prof-specialty,Not-in-family,White,Female,0,0,35,United-States
63,Local-gov,174961,Masters,14,Married-civ-spouse,Prof-specialty,Husband,White,Male,0,0,48,United-States
33,Private,194382,Prof-school,15,Married-civ-spouse,Prof-specialty,Husband,White,Male,0,0,40,United-States
52,Self-emp-not-inc,252009,Masters,14,Married-civ-spouse,Sales,Husband,White,Male,0,0,70,United-States
39,Private,196660,Prof-school,15,Married-civ-spouse,Prof-specialty,Husband,White,Male,0,0,55,United-States
55,Local-gov,212201,Masters,14,Married-civ-spouse,Exec-managerial,Husband,White,Male,0,0,50,United-States
47,Private,319233,Doctorate,16,Married-civ-spouse,Prof-specialty,Husband,White,Male,0,0,60,United-States
33,Private,119636,Masters,14,Never-married,Prof-specialty,Not-in-family,White,Male,0,0,40,United-States
72,Private,283735,Doctorate,16,Never-married,Prof-specialty,Not-in-family,White,Male,0,0,30,United-States
47,Private,219630,Prof-school,15,Married-civ-spouse,Prof-specialty,Husband,White,Male,99999,0,48,United-States
38,Private,139850,Masters,14,Never-married,Adm-clerical,Not-in-family,White,Female,0,0,50,Italy
36,Federal-gov,272061,Masters,14,Married-civ-spouse,Exec-managerial,Husband,White,Male,0,0,40,United-States
31,Self-emp-not-inc,294077,Prof-school,15,Married-civ-spouse,Prof-specialty,Husband,White,Male,0,0,60,United-States
29,Private,229123,Prof-school,15,Never-married,Prof-specialty,Other-relative,White,Male,0,0,50,United-States
42,Private,322704,Doctorate,16,Married-civ-spouse,Prof-specialty,Husband,Asian-Pac-Islander,Male,0,0,40,Taiwan
48,Private,323550,Doctorate,16,Married-civ-spouse,Prof-specialty,Husband,White,Male,0,1902,50,United-States
42,Private,214874,Prof-school,15,Married-civ-spouse,Sales,Wife,Amer-Indian-Eskimo,Female,15024,0,40,South
52,Private,159555,Masters,14,Married-civ-spouse,Prof-specialty,Husband,White,Male,0,0,50,United-States
53,Self-emp-not-inc,166608,Prof-school,15,Married-civ-spouse,Prof-specialty,Husband,White,Male,0,0,38,United-States
58,Private,127914,Masters,14,Never-married,Adm-clerical,Not-in-family,White,Female,0,0,24,United-States
61,Local-gov,88305,Masters,14,Married-civ-spouse,Exec-managerial,Husband,White,Male,7298,0,60,United-States
80,Private,287733,Doctorate,16,Married-civ-spouse,Prof-specialty,Husband,White,Male,0,0,30,United-States
40,Private,219796,Masters,14,Never-married,Sales,Not-in-family,White,Male,0,0,50,United-States
45,State-gov,310471,Doctorate,16,Married-civ-spouse,Prof-specialty,Husband,White,Male,0,0,40,United-States
49,Self-emp-not-inc,290784,Doctorate,16,Married-civ-spouse,Prof-specialty,Wife,White,Female,0,0,35,United-States
44,Local-gov,166997,Masters,14,Married-civ-spouse,Prof-specialty,Husband,White,Male,0,0,35,United-States
50,Private,233557,Doctorate,16,Divorced,Prof-specialty,Other-relative,White,Male,10520,0,50,United-States
74,Self-emp-not-inc,302020,Prof-school,15,Divorced,Prof-specialty,Other-relative,White,Male,0,0,40,United-States
39,Private,184395,Prof-school,15,Divorced,Prof-specialty,Not-in-family,White,Male,0,0,70,United-States
42,Local-gov,122564,Masters,14,Married-civ-spouse,Prof-specialty,Wife,White,Female,0,0,38,United-States
47,Self-emp-inc,220637,Prof-school,15,Married-civ-spouse,Prof-specialty,Husband,White,Male,99999,0,50,United-States
41,Private,205553,Prof-school,15,Married-civ-spouse,Exec-managerial,Wife,White,Female,0,0,50,Japan
24,Private,178408,Preschool,1,Never-married,Farming-fishing,Not-in-family,White,Male,0,0,36,Mexico
34,Self-emp-inc,134332,Masters,14,Never-married,Exec-managerial,Not-in-family,White,Female,4787,0,45,France
42,Local-gov,149484,Masters,14,Married-civ-spouse,Prof-specialty,Husband,White,Male,0,0,55,United-States
38,Self-emp-not-inc,193734,Masters,14,Married-civ-spouse,Farming-fishing,Husband,White,Male,0,0,70,United-States
66,Self-emp-not-inc,198107,Prof-school,15,Married-civ-spouse,Prof-specialty,Husband,White,Male,0,0,25,United-States
74,Private,303525,Prof-school,15,Married-civ-spouse,Prof-specialty,Husband,White,Male,99999,0,50,United-States
28,Private,321075,Doctorate,16,Never-married,Prof-specialty,Not-in-family,White,Male,594,0,50,Germany
33,Private,209930,Prof-school,15,Married-civ-spouse,Exec-managerial,Wife,White,Female,0,0,40,United-States
52,Private,148155,Masters,14,Married-civ-spouse,Exec-managerial,Husband,White,Male,0,0,40,United-States
37,Self-emp-inc,144949,Masters,14,Divorced,Exec-managerial,Not-in-family,White,Female,0,0,70,United-States
68,Self-emp-not-inc,308535,Doctorate,16,Married-civ-spouse,Prof-specialty,Husband,White,Male,0,0,50,Canada
54,Private,136499,Masters,14,Married-civ-spouse,Exec-managerial,Wife,White,Female,0,0,55,United-States
46,Self-emp-not-inc,226548,Prof-school,15,Married-civ-spouse,Prof-specialty,Husband,White,Male,15024,0,40,United-States
66,Local-gov,123047,Masters,14,Widowed,Prof-specialty,Not-in-family,White,Female,0,0,40,United-States
39,Private,290983,Doctorate,16,Married-civ-spouse,Prof-specialty,Husband,White,Male,99999,0,55,United-States
33,Local-gov,130446,Masters,14,Married-civ-spouse,Prof-specialty,Wife,White,Female,0,0,40,United-States
70,Self-emp-not-inc,86484,Masters,14,Married-civ-spouse,Exec-managerial,Husband,White,Male,0,2246,8,United-States
32,Local-gov,136554,Masters,14,Never-married,Prof-specialty,Not-in-family,White,Female,0,0,40,United-States
26,Private,255807,Prof-school,15,Married-civ-spouse,Prof-specialty,Husband,White,Male,0,1977,40,United-States
27,Private,168385,Masters,14,Married-civ-spouse,Prof-specialty,Husband,White,Male,0,0,55,United-States
37,Private,221431,Masters,14,Married-civ-spouse,Exec-managerial,Husband,White,Male,0,1977,40,United-States
48,Federal-gov,119116,Masters,14,Married-civ-spouse,Prof-specialty,Husband,White,Male,0,0,40,United-States
52,Self-emp-inc,137336,Masters,14,Divorced,Exec-managerial,Not-in-family,Black,Female,0,0,50,United-States
47,Local-gov,199296,Prof-school,15,Married-civ-spouse,Prof-specialty,Husband,White,Male,0,0,35,United-States
46,Private,230427,Prof-school,15,Divorced,Prof-specialty,Not-in-family,White,Male,0,2824,40,United-States
46,Self-emp-inc,154209,Masters,14,Married-civ-spouse,Exec-managerial,Husband,White,Male,0,0,55,United-States
43,Self-emp-not-inc,227452,Prof-school,15,Married-civ-spouse,Prof-specialty,Husband,White,Male,0,0,60,United-States
90,Private,129880,Masters,14,Never-married,Exec-managerial,Own-child,White,Female,0,0,40,United-States
36,Local-gov,113724,Masters,14,Married-civ-spouse,Prof-specialty,Wife,White,Female,0,0,40,United-States
37,Self-emp-not-inc,174933,Masters,14,Married-civ-spouse,Prof-specialty,Husband,White,Male,0,0,40,United-States
43,Private,167571,Prof-school,15,Married-civ-spouse,Prof-specialty,Husband,White,Male,99999,0,60,United-States
59,Self-emp-inc,171241,Prof-school,15,Married-civ-spouse,Prof-specialty,Husband,White,Male,0,0,55,United-States
53,Local-gov,182786,Masters,14,Married-civ-spouse,Prof-specialty,Husband,White,Male,0,0,40,United-States
31,Self-emp-not-inc,139207,Masters,14,Separated,Tech-support,Not-in-family,White,Female,0,0,25,United-States
51,State-gov,213534,Masters,14,Never-married,Prof-specialty,Not-in-family,White,Male,0,0,40,United-States
45,Local-gov,125029,Masters,14,Divorced,Prof-specialty,Unmarried,White,Female,0,0,40,United-States
47,Private,185654,Prof-school,15,Married-civ-spouse,Prof-specialty,Husband,White,Male,15024,0,55,United-States
36,Private,162962,Masters,14,Married-civ-spouse,Exec-managerial,Husband,White,Male,0,0,50,United-States
56,Private,350006,Doctorate,16,Married-civ-spouse,Prof-specialty,Husband,White,Male,0,0,50,United-States
62,Local-gov,286271,Doctorate,16,Widowed,Prof-specialty,Unmarried,White,Female,0,0,40,Iran
53,Local-gov,283616,Doctorate,16,Divorced,Prof-specialty,Not-in-family,White,Female,10520,0,40,United-States
47,Private,144283,Masters,14,Married-civ-spouse,Prof-specialty,Wife,White,Female,7688,0,40,United-States
52,State-gov,142714,Masters,14,Divorced,Prof-specialty,Not-in-family,Asian-Pac-Islander,Female,0,0,40,United-States
28,Private,316073,Doctorate,16,Never-married,Adm-clerical,Own-child,White,Male,0,0,18,United-States
27,Private,100491,Prof-school,15,Never-married,Prof-specialty,Not-in-family,White,Male,0,0,50,United-States
40,Private,279084,Doctorate,16,Married-civ-spouse,Prof-specialty,Husband,White,Male,0,0,40,United-States
33,Private,159512,Masters,14,Never-married,Exec-managerial,Not-in-family,White,Male,0,0,40,United-States
50,Private,155417,Masters,14,Married-civ-spouse,Exec-managerial,Husband,White,Male,0,0,50,United-States
36,State-gov,88257,Masters,14,Never-married,Prof-specialty,Not-in-family,White,Male,0,0,40,United-States
60,Local-gov,163185,Masters,14,Married-civ-spouse,Exec-managerial,Husband,White,Male,0,0,40,United-States
45,Local-gov,127569,Masters,14,Divorced,Prof-specialty,Unmarried,Black,Female,0,0,40,United-States
44,Private,116410,Masters,14,Married-civ-spouse,Prof-specialty,Husband,White,Male,7688,0,55,United-States
48,Private,92219,Masters,14,Never-married,Exec-managerial,Not-in-family,White,Male,0,0,40,United-States
50,Self-emp-not-inc,149254,Prof-school,15,Married-civ-spouse,Prof-specialty,Husband,White,Male,0,0,50,United-States
44,Local-gov,198631,Masters,14,Married-civ-spouse,Prof-specialty,Husband,White,Male,0,0,44,United-States
42,State-gov,276098,Masters,14,Married-civ-spouse,Prof-specialty,Husband,White,Male,0,0,50,United-States
45,Private,234166,Masters,14,Married-civ-spouse,Exec-managerial,Husband,White,Male,15024,0,50,United-States
35,State-gov,122876,Masters,14,Married-civ-spouse,Prof-specialty,Husband,White,Male,0,0,75,United-States
67,Self-emp-not-inc,133330,Masters,14,Widowed,Prof-specialty,Not-in-family,White,Male,18481,0,2,United-States
43,Local-gov,189232,Prof-school,15,Married-civ-spouse,Prof-specialty,Husband,White,Male,15024,0,45,United-States
40,Private,134062,Masters,14,Married-civ-spouse,Prof-specialty,Wife,White,Female,15024,0,24,United-States
58,Self-emp-not-inc,253134,Masters,14,Married-civ-spouse,Exec-managerial,Husband,White,Male,0,0,50,United-States
44,Private,132950,Masters,14,Married-civ-spouse,Exec-managerial,Wife,White,Female,0,0,24,United-States
35,Private,279297,Doctorate,16,Never-married,Prof-specialty,Not-in-family,White,Female,0,0,80,United-States
41,Local-gov,140196,Masters,14,Divorced,Prof-specialty,Unmarried,White,Female,0,0,40,United-States
67,Private,120615,Masters,14,Married-spouse-absent,Exec-managerial,Not-in-family,White,Male,0,0,55,United-States
37,Private,114639,Masters,14,Never-married,Sales,Not-in-family,White,Male,0,0,50,United-States
44,Self-emp-inc,143960,Masters,14,Married-civ-spouse,Prof-specialty,Husband,White,Male,0,2415,55,United-States
48,Private,111505,Masters,14,Married-civ-spouse,Prof-specialty,Husband,White,Male,0,0,55,United-States
43,State-gov,317063,Prof-school,15,Married-civ-spouse,Prof-specialty,Husband,Black,Male,0,0,40,United-States
59,Private,233739,Doctorate,16,Married-civ-spouse,Prof-specialty,Husband,White,Male,0,0,50,United-States
46,Federal-gov,148986,Masters,14,Never-married,Prof-specialty,Not-in-family,White,Female,0,0,40,United-States
41,Private,213706,Masters,14,Married-civ-spouse,Prof-specialty,Husband,White,Male,0,0,55,United-States
51,Private,118620,Masters,14,Married-civ-spouse,Prof-specialty,Husband,White,Male,0,1902,60,United-States
55,Local-gov,169976,Masters,14,Married-civ-spouse,Prof-specialty,Husband,White,Male,0,0,40,United-States
44,Local-gov,134752,Masters,14,Married-civ-spouse,Prof-specialty,Wife,White,Female,4386,0,40,United-States
40,Local-gov,142358,Masters,14,Never-married,Prof-specialty,Not-in-family,White,Female,0,0,40,United-States
37,Private,281927,Prof-school,15,Married-civ-spouse,Prof-specialty,Husband,White,Male,0,0,60,United-States
50,Private,151908,Masters,14,Married-civ-spouse,Exec-managerial,Husband,White,Male,15024,0,65,United-States
33,Private,249473,Masters,14,Never-married,Adm-clerical,Own-child,White,Male,0,0,40,United-States
29,Local-gov,144121,Masters,14,Married-civ-spouse,Prof-specialty,Husband,White,Male,0,0,40,United-States
60,Self-emp-not-inc,140166,Masters,14,Divorced,Prof-specialty,Unmarried,White,Female,0,0,10,United-States
38,Private,146511,Masters,14,Never-married,Adm-clerical,Unmarried,White,Female,0,0,40,United-States
34,Federal-gov,269543,Doctorate,16,Never-married,Prof-specialty,Not-in-family,White,Female,0,0,99,United-States
24,Private,201904,Masters,14,Never-married,Adm-clerical,Not-in-family,White,Male,0,0,56,United-States
33,State-gov,277397,Doctorate,16,Married-civ-spouse,Prof-specialty,Wife,White,Female,0,0,48,United-States
32,Self-emp-not-inc,268734,Prof-school,15,Married-civ-spouse,Prof-specialty,Husband,White,Male,7688,0,45,United-States
46,Local-gov,276293,Doctorate,16,Married-civ-spouse,Prof-specialty,Wife,White,Female,0,1902,52,United-States
24,Private,207567,Masters,14,Never-married,Tech-support,Not-in-family,White,Male,0,0,50,United-States
54,Private,125378,Masters,14,Widowed,Adm-clerical,Unmarried,White,Female,0,0,38,United-States
55,Private,135313,Masters,14,Married-civ-spouse,Exec-managerial,Husband,White,Male,0,0,40,United-States
40,Private,125720,Masters,14,Never-married,Adm-clerical,Own-child,White,Female,0,0,40,United-States
25,State-gov,182548,Masters,14,Never-married,Exec-managerial,Not-in-family,White,Male,0,0,40,United-States
60,Private,288029,Doctorate,16,Never-married,Prof-specialty,Not-in-family,White,Female,0,0,65,United-States
77,Self-emp-inc,307172,Doctorate,16,Married-civ-spouse,Farming-fishing,Husband,White,Male,20051,0,40,United-States
34,Self-emp-not-inc,210770,Masters,14,Married-civ-spouse,Farming-fishing,Husband,White,Male,0,0,60,United-States
50,Self-emp-not-inc,156813,Masters,14,Married-civ-spouse,Sales,Husband,White,Male,7688,0,55,United-States
53,Self-emp-inc,321471,Masters,14,Married-civ-spouse,Exec-managerial,Husband,White,Male,0,0,40,United-States
40,State-gov,336680,Doctorate,16,Married-civ-spouse,Prof-specialty,Husband,White,Male,0,1887,50,United-States
34,Private,142434,Masters,14,Never-married,Sales,Unmarried,White,Male,0,0,60,United-States
55,Local-gov,186407,Masters,14,Married-civ-spouse,Prof-specialty,Husband,White,Male,0,0,40,United-States
27,Private,164960,Prof-school,15,Never-married,Prof-specialty,Not-in-family,Asian-Pac-Islander,Male,0,0,10,India
44,Local-gov,281846,Doctorate,16,Married-spouse-absent,Prof-specialty,Unmarried,White,Female,0,0,38,United-States
45,Private,134936,Masters,14,Married-civ-spouse,Exec-managerial,Husband,White,Male,0,1977,43,United-States
44,Local-gov,136233,Masters,14,Never-married,Prof-specialty,Not-in-family,White,Female,0,0,40,United-States
61,Self-emp-inc,136341,Masters,14,Widowed,Exec-managerial,Unmarried,White,Female,0,0,99,United-States
48,Private,363158,Doctorate,16,Married-civ-spouse,Prof-specialty,Husband,White,Male,0,0,45,United-States
44,Private,239021,Masters,14,Married-civ-spouse,Exec-managerial,Husband,White,Male,0,0,40,United-States
48,Local-gov,136282,Masters,14,Married-civ-spouse,Prof-specialty,Wife,White,Female,0,0,40,United-States
54,Private,204387,Masters,14,Divorced,Exec-managerial,Not-in-family,White,Male,0,0,50,United-States
35,Private,239498,Masters,14,Never-married,Prof-specialty,Not-in-family,White,Male,0,0,45,United-States
59,Federal-gov,188646,Masters,14,Never-married,Exec-managerial,Not-in-family,White,Male,0,0,40,United-States
37,State-gov,188128,Masters,14,Married-civ-spouse,Prof-specialty,Husband,White,Male,0,0,60,United-States
26,Private,246878,Masters,14,Married-civ-spouse,Prof-specialty,Husband,White,Male,0,1887,40,United-States
35,Private,162913,Masters,14,Married-civ-spouse,Sales,Husband,White,Male,0,0,55,United-States
68,Local-gov,129064,Masters,14,Widowed,Prof-specialty,Unmarried,Black,Female,0,0,40,United-States
62,Private,169135,Masters,14,Never-married,Prof-specialty,Not-in-family,White,Male,0,0,70,United-States
39,Private,295571,Prof-school,15,Married-civ-spouse,Craft-repair,Husband,White,Male,7688,0,40,United-States
48,Private,161744,Masters,14,Married-civ-spouse,Exec-managerial,Husband,White,Male,0,0,40,United-States
36,Private,188321,Masters,14,Married-civ-spouse,Exec-managerial,Husband,White,Male,0,0,45,United-States
52,Self-emp-inc,176065,Prof-school,15,Married-civ-spouse,Sales,Husband,White,Male,0,0,40,United-States
60,Self-emp-not-inc,126674,Masters,14,Married-civ-spouse,Prof-specialty,Husband,White,Male,0,0,40,United-States
64,Self-emp-not-inc,249402,Prof-school,15,Married-civ-spouse,Prof-specialty,Husband,White,Male,0,0,40,United-States
63,Self-emp-not-inc,144427,Masters,14,Married-civ-spouse,Farming-fishing,Husband,White,Male,41310,0,50,United-States
49,Private,279314,Doctorate,16,Married-civ-spouse,Prof-specialty,Husband,Other,Male,0,0,50,United-States
37,Private,221055,Masters,14,Married-civ-spouse,Adm-clerical,Husband,White,Male,7688,0,50,United-States
53,Self-emp-not-inc,250445,Prof-school,15,Divorced,Prof-specialty,Not-in-family,White,Male,0,0,60,United-States
32,State-gov,268775,Doctorate,16,Never-married,Prof-specialty,Not-in-family,White,Female,0,0,70,United-States
43,Local-gov,148650,Masters,14,Married-civ-spouse,Prof-specialty,Husband,White,Male,0,0,50,United-States
37,Private,264424,Prof-school,15,Married-civ-spouse,Prof-specialty,Husband,White,Male,0,0,50,United-States
37,Private,88670,Masters,14,Separated,Exec-managerial,Not-in-family,White,Male,27828,0,60,Iran
39,Local-gov,134180,Masters,14,Married-civ-spouse,Prof-specialty,Wife,White,Female,0,0,50,England
49,State-gov,208964,Masters,14,Married-civ-spouse,Sales,Husband,White,Male,99999,0,80,United-States
70,Self-emp-inc,248476,Doctorate,16,Married-civ-spouse,Exec-managerial,Husband,White,Male,0,0,40,United-States
65,Private,131477,Masters,14,Divorced,Sales,Not-in-family,White,Male,0,0,28,United-States
27,Private,135812,Masters,14,Never-married,Machine-op-inspct,Not-in-family,White,Female,0,0,40,United-States
40,Private,201447,Prof-school,15,Married-civ-spouse,Prof-specialty,Wife,White,Female,15024,0,30,United-States
42,Self-emp-not-inc,189759,Prof-school,15,Divorced,Prof-specialty,Unmarried,White,Female,7430,0,44,United-States
40,Private,223041,Masters,14,Married-civ-spouse,Prof-specialty,Husband,White,Male,7688,0,40,United-States
55,Federal-gov,205870,Masters,14,Married-civ-spouse,Exec-managerial,Husband,White,Male,0,0,60,United-States
60,Private,171610,Masters,14,Married-civ-spouse,Exec-managerial,Husband,White,Male,0,0,60,United-States
48,Self-emp-not-inc,218544,Prof-school,15,Married-civ-spouse,Craft-repair,Husband,White,Male,0,0,60,United-States
44,Local-gov,135658,Masters,14,Never-married,Prof-specialty,Own-child,White,Female,0,0,55,United-States
42,Self-emp-inc,161805,Masters,14,Divorced,Exec-managerial,Unmarried,Asian-Pac-Islander,Male,0,2201,60,India
44,Private,342324,Doctorate,16,Married-civ-spouse,Exec-managerial,Husband,Asian-Pac-Islander,Male,15024,0,40,Japan
68,Private,138119,Masters,14,Never-married,Adm-clerical,Not-in-family,White,Female,6360,0,20,United-States
63,Private,89931,Preschool,1,Married-civ-spouse,Prof-specialty,Husband,Other,Male,0,0,30,Mexico
44,Private,219545,Prof-school,15,Divorced,Prof-specialty,Not-in-family,White,Male,0,0,55,United-States
30,Private,243756,Prof-school,15,Married-civ-spouse,Prof-specialty,Husband,White,Male,0,0,60,United-States
44,Private,112529,Masters,14,Married-civ-spouse,Prof-specialty,Husband,White,Male,0,1887,60,United-States
39,Private,275199,Prof-school,15,Married-civ-spouse,Prof-specialty,Husband,Asian-Pac-Islander,Male,0,2415,67,India
79,Local-gov,265981,Doctorate,16,Widowed,Prof-specialty,Unmarried,White,Female,0,0,40,United-States
52,Local-gov,151542,Masters,14,Divorced,Exec-managerial,Not-in-family,White,Female,4787,0,60,United-States
51,State-gov,158666,Masters,14,Married-civ-spouse,Prof-specialty,Husband,White,Male,0,1977,60,United-States
31,Private,336920,Doctorate,16,Married-civ-spouse,Prof-specialty,Husband,Asian-Pac-Islander,Male,0,0,50,Thailand
50,Self-emp-inc,221087,Prof-school,15,Married-civ-spouse,Prof-specialty,Husband,White,Male,0,0,45,United-States
33,Private,128912,Masters,14,Married-civ-spouse,Exec-managerial,Husband,White,Male,7298,0,60,Canada
90,Private,117965,Masters,14,Married-civ-spouse,Prof-specialty,Wife,White,Female,0,0,40,United-States
43,Local-gov,141199,Masters,14,Separated,Prof-specialty,Unmarried,Black,Female,0,0,37,United-States
58,Private,317337,Doctorate,16,Never-married,Prof-specialty,Not-in-family,White,Male,0,0,8,United-States
50,Private,144441,Masters,14,Married-civ-spouse,Exec-managerial,Husband,White,Male,15024,0,50,United-States
59,Private,135769,Masters,14,Never-married,Sales,Not-in-family,White,Female,27828,0,45,United-States
24,State-gov,114009,Masters,14,Never-married,Prof-specialty,Not-in-family,Asian-Pac-Islander,Male,0,0,20,India
37,State-gov,220128,Prof-school,15,Married-civ-spouse,Prof-specialty,Wife,White,Female,0,0,39,United-States
42,Private,143618,Masters,14,Married-civ-spouse,Adm-clerical,Husband,White,Male,0,1902,40,United-States
50,Private,133221,Masters,14,Married-civ-spouse,Exec-managerial,Wife,White,Female,0,1485,40,United-States
40,Private,153032,Masters,14,Never-married,Prof-specialty,Not-in-family,White,Male,0,0,40,United-States
27,Private,150785,Masters,14,Married-civ-spouse,Prof-specialty,Husband,Asian-Pac-Islander,Male,0,0,40,Hong
33,Private,138091,Masters,14,Never-married,Prof-specialty,Not-in-family,Black,Male,0,0,50,United-States
56,Self-emp-not-inc,220695,Prof-school,15,Married-civ-spouse,Prof-specialty,Husband,White,Male,0,1977,50,United-States
46,Local-gov,147586,Masters,14,Never-married,Prof-specialty,Not-in-family,White,Female,0,0,43,United-States
46,Private,147474,Masters,14,Married-civ-spouse,Prof-specialty,Husband,White,Male,0,0,35,United-States
42,Private,142425,Masters,14,Married-civ-spouse,Exec-managerial,Husband,White,Male,0,0,40,United-States
30,Private,241608,Prof-school,15,Widowed,Other-service,Not-in-family,White,Male,0,0,35,United-States
49,Local-gov,206334,Masters,14,Married-civ-spouse,Exec-managerial,Husband,White,Male,0,0,40,United-States
34,Private,120130,Masters,14,Never-married,Prof-specialty,Not-in-family,White,Male,0,2258,50,United-States
39,Private,89539,Masters,14,Never-married,Prof-specialty,Not-in-family,White,Male,0,0,60,United-States
32,Local-gov,146552,Masters,14,Never-married,Prof-specialty,Not-in-family,White,Male,0,0,50,United-States
35,Private,84442,Masters,14,Married-civ-spouse,Prof-specialty,Husband,White,Male,0,1887,40,United-States
49,Local-gov,201121,Doctorate,16,Married-civ-spouse,Prof-specialty,Husband,White,Male,0,0,45,United-States
46,Private,251974,Prof-school,15,Separated,Prof-specialty,Not-in-family,White,Male,0,0,50,United-States
36,Self-emp-not-inc,238620,Masters,14,Married-civ-spouse,Farming-fishing,Husband,White,Male,0,0,70,United-States
27,Private,122598,Masters,14,Never-married,Sales,Own-child,White,Female,0,0,40,United-States
46,Local-gov,150827,Masters,14,Married-civ-spouse,Prof-specialty,Wife,White,Female,0,0,45,United-States
54,State-gov,392241,Doctorate,16,Married-civ-spouse,Exec-managerial,Husband,White,Male,0,1902,50,United-States
30,Private,151545,Masters,14,Married-civ-spouse,Prof-specialty,Husband,Asian-Pac-Islander,Male,0,0,50,India
29,Private,143057,Masters,14,Married-civ-spouse,Exec-managerial,Husband,White,Male,0,0,45,Germany
46,Private,242777,Prof-school,15,Married-civ-spouse,Prof-specialty,Husband,White,Male,99999,0,50,United-States
42,Local-gov,128234,Masters,14,Never-married,Prof-specialty,Not-in-family,White,Female,0,0,40,United-States
45,Private,393765,Doctorate,16,Separated,Exec-managerial,Unmarried,White,Male,0,0,40,United-States
50,Private,180802,Masters,14,Married-civ-spouse,Exec-managerial,Husband,White,Male,0,0,50,United-States
46,Private,258959,Prof-school,15,Married-civ-spouse,Prof-specialty,Husband,White,Male,0,0,40,United-States
51,Self-emp-inc,148410,Masters,14,Married-civ-spouse,Sales,Husband,White,Male,0,0,40,United-States
28,Private,137465,Masters,14,Never-married,Tech-support,Not-in-family,White,Female,0,0,40,United-States
29,Private,151394,Masters,14,Never-married,Prof-specialty,Not-in-family,White,Female,0,0,45,United-States
36,Federal-gov,105289,Masters,14,Married-civ-spouse,Prof-specialty,Husband,White,Male,0,0,40,United-States
46,Self-emp-not-inc,331942,Prof-school,15,Married-civ-spouse,Prof-specialty,Husband,White,Male,0,1902,45,United-States
62,Self-emp-inc,193619,Masters,14,Married-civ-spouse,Sales,Husband,White,Male,0,0,35,United-States
27,Private,138079,Masters,14,Never-married,Prof-specialty,Not-in-family,White,Female,0,1504,45,United-States
40,Local-gov,142278,Masters,14,Divorced,Prof-specialty,Unmarried,White,Female,0,0,44,United-States
28,Private,153365,Masters,14,Married-civ-spouse,Prof-specialty,Husband,White,Male,0,0,60,United-States
43,Local-gov,141680,Masters,14,Married-civ-spouse,Prof-specialty,Wife,Black,Female,0,0,35,United-States
41,Federal-gov,208956,Masters,14,Married-civ-spouse,Exec-managerial,Husband,White,Male,0,1848,40,United-States
61,Private,62571,Preschool,1,Married-spouse-absent,Other-service,Not-in-family,Asian-Pac-Islander,Male,0,0,40,China
29,Federal-gov,194903,Prof-school,15,Never-married,Prof-specialty,Not-in-family,White,Female,0,0,55,United-States
50,Private,137784,Masters,14,Divorced,Sales,Not-in-family,White,Female,0,1590,45,United-States
24,Private,73231,Preschool,1,Never-married,Machine-op-inspct,Own-child,White,Female,0,0,30,United-States
42,Federal-gov,181582,Masters,14,Married-civ-spouse,Prof-specialty,Husband,White,Male,0,0,40,United-States
40,Self-emp-inc,231577,Prof-school,15,Married-civ-spouse,Prof-specialty,Husband,White,Male,15024,0,40,United-States
32,Private,143470,Masters,14,Never-married,Exec-managerial,Not-in-family,White,Female,0,0,45,United-States
52,Local-gov,332257,Doctorate,16,Married-civ-spouse,Exec-managerial,Husband,White,Male,0,0,40,United-States
53,Self-emp-inc,127695,Masters,14,Married-civ-spouse,Sales,Husband,White,Male,0,0,65,United-States
42,Private,127307,Masters,14,Divorced,Tech-support,Unmarried,Black,Female,4687,0,35,United-States
48,Self-emp-inc,352344,Doctorate,16,Married-civ-spouse,Prof-specialty,Husband,White,Male,7688,0,55,United-States
39,Private,144985,Masters,14,Divorced,Exec-managerial,Unmarried,Black,Female,15020,0,60,United-States
74,Self-emp-not-inc,332719,Doctorate,16,Married-spouse-absent,Prof-specialty,Not-in-family,White,Male,0,0,25,United-States
52,Self-emp-inc,210584,Masters,14,Married-civ-spouse,Exec-managerial,Husband,White,Male,15024,0,60,United-States
46,Private,265028,Prof-school,15,Married-civ-spouse,Prof-specialty,Husband,Black,Male,0,0,40,United-States
31,Private,147525,Masters,14,Married-civ-spouse,Exec-managerial,Husband,White,Male,0,0,60,France
52,Private,371432,Doctorate,16,Married-civ-spouse,Prof-specialty,Husband,White,Male,0,0,65,United-States
44,Self-emp-not-inc,283818,Prof-school,15,Married-civ-spouse,Prof-specialty,Husband,White,Male,0,0,32,United-States
53,Self-emp-inc,278677,Doctorate,16,Married-civ-spouse,Prof-specialty,Husband,White,Male,0,0,40,United-States
45,Private,160987,Masters,14,Married-civ-spouse,Exec-managerial,Husband,Black,Male,0,0,40,United-States
61,Private,171147,Prof-school,15,Married-civ-spouse,Exec-managerial,Husband,White,Male,0,0,20,United-States
52,Private,230543,Doctorate,16,Married-civ-spouse,Exec-managerial,Husband,White,Male,0,0,38,United-States
39,Private,191640,Masters,14,Married-civ-spouse,Prof-specialty,Husband,White,Male,0,0,40,United-States
52,Private,148803,Masters,14,Divorced,Prof-specialty,Not-in-family,White,Female,0,0,40,United-States
28,Private,233484,Masters,14,Married-civ-spouse,Sales,Husband,White,Male,0,0,45,France
30,Local-gov,98693,Masters,14,Married-civ-spouse,Prof-specialty,Husband,White,Male,0,0,45,United-States
35,Private,149840,Masters,14,Never-married,Prof-specialty,Not-in-family,Asian-Pac-Islander,Female,0,0,40,Taiwan
25,Private,136480,Masters,14,Never-married,Other-service,Not-in-family,White,Female,0,0,37,United-States
52,Federal-gov,138839,Masters,14,Never-married,Adm-clerical,Not-in-family,White,Female,0,0,40,United-States
38,Local-gov,333225,Doctorate,16,Married-civ-spouse,Exec-managerial,Husband,White,Male,0,1887,50,United-States
34,Private,143649,Masters,14,Divorced,Exec-managerial,Unmarried,Black,Female,0,0,40,United-States
41,Local-gov,74361,Preschool,1,Never-married,Handlers-cleaners,Own-child,White,Female,0,0,30,United-States
88,Self-emp-not-inc,218915,Prof-school,15,Married-civ-spouse,Exec-managerial,Husband,White,Male,0,0,40,United-States
40,Self-emp-not-inc,125675,Masters,14,Separated,Exec-managerial,Unmarried,White,Female,0,0,20,United-States
56,Private,320781,Doctorate,16,Married-civ-spouse,Prof-specialty,Husband,White,Male,0,0,50,United-States
45,Self-emp-inc,272727,Prof-school,15,Divorced,Prof-specialty,Unmarried,White,Male,25236,0,36,United-States
45,State-gov,234935,Prof-school,15,Divorced,Prof-specialty,Unmarried,Black,Male,25236,0,36,United-States
57,Private,221589,Masters,14,Married-civ-spouse,Exec-managerial,Husband,Black,Male,0,1977,40,United-States
25,Private,129858,Masters,14,Never-married,Prof-specialty,Not-in-family,White,Female,0,0,40,United-States
29,Private,135238,Masters,14,Never-married,Exec-managerial,Not-in-family,White,Female,0,0,45,United-States
71,Local-gov,228350,Masters,14,Widowed,Exec-managerial,Not-in-family,White,Male,2050,0,20,United-States
36,State-gov,222467,Prof-school,15,Divorced,Prof-specialty,Own-child,Asian-Pac-Islander,Female,0,0,40,Philippines
34,Private,127479,Masters,14,Never-married,Prof-specialty,Not-in-family,White,Female,0,0,40,United-States
49,Private,210544,Prof-school,15,Married-civ-spouse,Prof-specialty,Husband,White,Male,0,0,48,United-States
43,Private,183258,Masters,14,Never-married,Adm-clerical,Not-in-family,White,Male,0,0,40,United-States
32,Private,150197,Masters,14,Never-married,Prof-specialty,Not-in-family,White,Female,0,1590,40,United-States
34,Self-emp-not-inc,250767,Prof-school,15,Married-civ-spouse,Prof-specialty,Husband,White,Male,0,0,35,United-States
46,Self-emp-not-inc,282234,Prof-school,15,Married-civ-spouse,Prof-specialty,Husband,White,Male,0,2415,80,United-States
53,State-gov,284514,Doctorate,16,Married-civ-spouse,Prof-specialty,Husband,White,Male,0,0,40,United-States
40,Private,138337,Masters,14,Married-civ-spouse,Exec-managerial,Husband,White,Male,0,0,50,United-States
34,State-gov,429721,Doctorate,16,Married-civ-spouse,Tech-support,Husband,Asian-Pac-Islander,Male,0,0,20,China
30,Local-gov,243684,Masters,14,Married-civ-spouse,Prof-specialty,Husband,White,Male,0,0,40,United-States
55,Local-gov,132571,Masters,14,Widowed,Prof-specialty,Unmarried,White,Female,0,0,45,United-States
26,Private,126823,Masters,14,Never-married,Prof-specialty,Not-in-family,White,Female,0,1669,40,United-States
39,Private,203360,Masters,14,Never-married,Prof-specialty,Not-in-family,White,Male,0,0,60,United-States
43,Private,221103,Masters,14,Married-civ-spouse,Prof-specialty,Husband,White,Male,5178,0,40,United-States
30,Private,202639,Prof-school,15,Never-married,Tech-support,Own-child,White,Female,0,0,24,United-States
25,Private,145785,Masters,14,Never-married,Prof-specialty,Own-child,White,Female,0,0,60,United-States
55,Self-emp-not-inc,227396,Masters,14,Married-civ-spouse,Prof-specialty,Husband,White,Male,7298,0,40,United-States
39,Private,156844,Masters,14,Never-married,Prof-specialty,Not-in-family,White,Female,0,0,40,United-States
57,Private,175301,Masters,14,Married-civ-spouse,Tech-support,Husband,White,Male,0,0,40,United-States
39,Private,48055,Preschool,1,Never-married,Other-service,Not-in-family,White,Female,0,0,12,United-States
35,Self-emp-inc,208855,Masters,14,Married-civ-spouse,Adm-clerical,Husband,White,Male,0,0,50,United-States
42,Private,154168,Masters,14,Married-civ-spouse,Prof-specialty,Husband,White,Male,0,0,40,United-States
38,Local-gov,226578,Masters,14,Never-married,Prof-specialty,Not-in-family,White,Male,0,0,43,United-States
53,State-gov,122674,Masters,14,Married-civ-spouse,Exec-managerial,Husband,White,Male,0,0,70,United-States
45,Local-gov,165535,Masters,14,Married-civ-spouse,Exec-managerial,Husband,White,Male,7688,0,50,United-States
50,Private,268605,Prof-school,15,Married-civ-spouse,Prof-specialty,Husband,White,Male,0,0,50,United-States
31,Local-gov,177874,Masters,14,Never-married,Prof-specialty,Not-in-family,White,Male,0,0,43,United-States
42,Private,303044,Doctorate,16,Married-civ-spouse,Prof-specialty,Husband,White,Male,0,0,40,France
61,Federal-gov,136342,Masters,14,Widowed,Prof-specialty,Unmarried,White,Female,0,0,40,United-States
59,State-gov,280250,Doctorate,16,Married-civ-spouse,Prof-specialty,Husband,White,Male,0,0,40,United-States
54,Self-emp-inc,225453,Doctorate,16,Married-civ-spouse,Prof-specialty,Husband,White,Male,0,0,60,United-States
41,Self-emp-not-inc,183645,Masters,14,Never-married,Exec-managerial,Not-in-family,Asian-Pac-Islander,Male,0,0,45,United-States
29,Private,182155,Masters,14,Never-married,Prof-specialty,Not-in-family,White,Male,0,0,40,United-States
56,Self-emp-not-inc,144880,Masters,14,Divorced,Sales,Unmarried,White,Female,0,2339,60,United-States
42,Local-gov,137641,Masters,14,Never-married,Prof-specialty,Not-in-family,White,Female,0,1741,35,United-States
56,Local-gov,233198,Prof-school,15,Married-civ-spouse,Adm-clerical,Husband,Asian-Pac-Islander,Male,0,0,40,Philippines
31,Private,171186,Masters,14,Married-civ-spouse,Sales,Husband,White,Male,0,0,40,United-States
38,Local-gov,129155,Masters,14,Never-married,Prof-specialty,Not-in-family,White,Female,0,2258,60,United-States
43,Private,241551,Doctorate,16,Married-civ-spouse,Prof-specialty,Husband,White,Male,99999,0,55,United-States
32,State-gov,216395,Prof-school,15,Married-civ-spouse,Prof-specialty,Husband,White,Male,0,0,75,United-States
36,Private,138236,Masters,14,Never-married,Prof-specialty,Not-in-family,White,Female,0,0,40,United-States
50,Private,111981,Masters,14,Married-civ-spouse,Craft-repair,Husband,White,Male,0,1902,45,United-States
39,State-gov,149578,Masters,14,Married-civ-spouse,Prof-specialty,Wife,White,Female,5178,0,38,United-States
40,Federal-gov,144353,Masters,14,Never-married,Tech-support,Not-in-family,White,Female,0,0,40,United-States
53,State-gov,249074,Doctorate,16,Married-civ-spouse,Prof-specialty,Husband,White,Male,0,0,40,United-States
27,State-gov,157607,Masters,14,Never-married,Exec-managerial,Not-in-family,White,Male,0,0,40,Scotland
41,Local-gov,83195,Masters,14,Married-civ-spouse,Exec-managerial,Husband,White,Male,0,0,40,United-States
45,Private,270597,Masters,14,Divorced,Prof-specialty,Not-in-family,White,Male,0,0,40,United-States
49,Private,203095,Prof-school,15,Never-married,Prof-specialty,Not-in-family,White,Female,0,0,55,United-States
34,Private,263164,Prof-school,15,Married-civ-spouse,Prof-specialty,Husband,White,Male,0,1977,55,United-States
39,Local-gov,122198,Masters,14,Divorced,Prof-specialty,Not-in-family,White,Female,0,0,40,United-States
37,Private,199426,Prof-school,15,Divorced,Prof-specialty,Not-in-family,White,Male,14084,0,36,United-States
40,Private,130900,Preschool,1,Married-spouse-absent,Adm-clerical,Own-child,White,Male,0,0,40,United-States
60,Local-gov,128717,Masters,14,Married-civ-spouse,Exec-managerial,Husband,White,Male,0,0,50,United-States
45,Private,386987,Doctorate,16,Married-civ-spouse,Prof-specialty,Husband,White,Male,0,0,50,United-States
42,Private,307377,Prof-school,15,Married-civ-spouse,Prof-specialty,Husband,White,Male,0,0,60,United-States
28,Local-gov,128923,Masters,14,Married-civ-spouse,Prof-specialty,Wife,White,Female,7688,0,35,United-States
62,Private,228323,Prof-school,15,Married-civ-spouse,Craft-repair,Husband,White,Male,0,0,45,United-States
41,Self-emp-inc,243585,Prof-school,15,Married-civ-spouse,Prof-specialty,Husband,White,Male,0,0,45,El-Salvador
34,Private,138375,Masters,14,Married-civ-spouse,Prof-specialty,Wife,Asian-Pac-Islander,Female,0,0,40,China
43,Self-emp-inc,141038,Masters,14,Married-civ-spouse,Exec-managerial,Husband,White,Male,0,0,50,United-States
48,Self-emp-inc,243014,Masters,14,Married-civ-spouse,Sales,Husband,White,Male,0,0,40,United-States
48,Self-emp-inc,268549,Doctorate,16,Married-civ-spouse,Exec-managerial,Wife,White,Female,0,0,40,United-States
38,Private,207656,Prof-school,15,Never-married,Prof-specialty,Not-in-family,White,Female,0,0,50,United-States
39,Private,155606,Masters,14,Never-married,Exec-managerial,Not-in-family,White,Male,0,0,50,United-States
50,Self-emp-not-inc,252877,Prof-school,15,Divorced,Sales,Not-in-family,White,Male,0,0,50,United-States
53,Self-emp-not-inc,121390,Masters,14,Divorced,Exec-managerial,Not-in-family,White,Male,0,0,50,United-States
37,Private,192310,Masters,14,Married-civ-spouse,Prof-specialty,Husband,White,Male,0,0,50,United-States
40,Local-gov,260111,Masters,14,Married-civ-spouse,Prof-specialty,Husband,White,Male,7298,0,35,United-States
43,Self-emp-not-inc,137269,Masters,14,Divorced,Prof-specialty,Not-in-family,White,Female,0,0,20,United-States
54,Private,207862,Masters,14,Married-civ-spouse,Prof-specialty,Husband,White,Male,0,0,40,United-States
53,State-gov,149480,Masters,14,Divorced,Prof-specialty,Not-in-family,White,Female,0,0,40,United-States
53,Local-gov,127113,Masters,14,Married-civ-spouse,Prof-specialty,Wife,White,Female,15024,0,40,United-States
39,Private,256701,Prof-school,15,Married-civ-spouse,Sales,Husband,White,Male,0,2415,99,United-States
46,Private,305024,Doctorate,16,Never-married,Prof-specialty,Not-in-family,White,Male,0,0,40,United-States
49,Private,260508,Masters,14,Never-married,Prof-specialty,Not-in-family,White,Male,0,0,40,United-States
43,Local-gov,154971,Masters,14,Married-civ-spouse,Exec-managerial,Wife,Amer-Indian-Eskimo,Female,0,0,50,United-States
34,State-gov,142390,Masters,14,Never-married,Prof-specialty,Unmarried,White,Female,0,0,40,United-States
41,Self-emp-not-inc,128744,Masters,14,Married-civ-spouse,Sales,Wife,White,Female,0,1902,35,United-States
36,Self-emp-not-inc,337327,Prof-school,15,Married-civ-spouse,Craft-repair,Husband,White,Male,0,0,60,United-States
31,Private,217898,Prof-school,15,Divorced,Prof-specialty,Not-in-family,White,Female,0,0,45,United-States
50,Self-emp-inc,116894,Masters,14,Never-married,Prof-specialty,Not-in-family,Black,Male,0,0,50,Trinadad&Tobago
39,Self-emp-inc,158903,Masters,14,Married-civ-spouse,Exec-managerial,Husband,White,Male,0,0,60,United-States
61,Federal-gov,231889,Prof-school,15,Married-civ-spouse,Prof-specialty,Husband,White,Male,0,0,50,United-States
42,Private,130219,Masters,14,Never-married,Prof-specialty,Not-in-family,White,Female,0,0,40,United-States
58,Local-gov,193601,Masters,14,Never-married,Prof-specialty,Not-in-family,White,Male,0,0,35,United-States
57,Private,169116,Masters,14,Divorced,Exec-managerial,Not-in-family,White,Male,0,2824,50,United-States
33,Federal-gov,376459,Doctorate,16,Married-civ-spouse,Prof-specialty,Husband,White,Male,0,1848,40,United-States
40,Private,145225,Masters,14,Never-married,Prof-specialty,Not-in-family,White,Female,0,1669,40,United-States
36,Private,177740,Prof-school,15,Married-civ-spouse,Prof-specialty,Husband,White,Male,0,0,55,United-States
47,Local-gov,149171,Masters,14,Married-civ-spouse,Prof-specialty,Husband,White,Male,0,0,40,United-States
30,Local-gov,176089,Masters,14,Married-civ-spouse,Prof-specialty,Husband,White,Male,0,0,40,United-States
41,Self-emp-not-inc,211970,Prof-school,15,Married-civ-spouse,Prof-specialty,Husband,White,Male,0,0,50,United-States
69,State-gov,261303,Prof-school,15,Married-civ-spouse,Adm-clerical,Husband,White,Male,0,0,34,United-States
57,Self-emp-inc,221270,Prof-school,15,Married-civ-spouse,Prof-specialty,Husband,White,Male,0,0,36,United-States
25,Private,122432,Preschool,1,Never-married,Farming-fishing,Not-in-family,White,Male,0,0,35,Mexico
30,State-gov,155311,Masters,14,Married-civ-spouse,Prof-specialty,Husband,Asian-Pac-Islander,Male,0,0,20,Taiwan
44,State-gov,263429,Prof-school,15,Married-civ-spouse,Prof-specialty,Husband,White,Male,15024,0,75,United-States
35,Private,210386,Masters,14,Separated,Prof-specialty,Not-in-family,White,Male,0,0,40,United-States
36,Private,241940,Masters,14,Married-civ-spouse,Exec-managerial,Husband,White,Male,0,0,40,United-States
27,Private,227176,Masters,14,Never-married,Exec-managerial,Not-in-family,White,Male,0,0,37,United-States
59,Self-emp-not-inc,152427,Masters,14,Married-civ-spouse,Craft-repair,Husband,White,Male,0,0,40,United-States
47,Self-emp-inc,226812,Prof-school,15,Never-married,Other-service,Not-in-family,White,Male,0,0,60,United-States
40,Private,137381,Masters,14,Married-civ-spouse,Prof-specialty,Husband,White,Male,0,0,50,United-States
50,Private,246719,Doctorate,16,Married-civ-spouse,Prof-specialty,Husband,White,Male,15024,0,50,United-States
53,Private,265821,Doctorate,16,Married-civ-spouse,Prof-specialty,Wife,White,Female,99999,0,37,United-States
48,Local-gov,140412,Masters,14,Divorced,Prof-specialty,Not-in-family,White,Female,0,0,40,United-States
27,Private,208937,Prof-school,15,Divorced,Prof-specialty,Not-in-family,White,Female,0,0,12,United-States
48,Private,45089,Masters,14,Married-civ-spouse,Exec-managerial,Husband,Black,Male,0,0,45,United-States
41,Private,127434,Masters,14,Never-married,Prof-specialty,Not-in-family,White,Female,0,0,40,United-States
50,Local-gov,214129,Prof-school,15,Married-civ-spouse,Adm-clerical,Husband,Asian-Pac-Islander,Male,0,0,40,Laos
51,Federal-gov,98311,Masters,14,Married-civ-spouse,Prof-specialty,Husband,White,Male,0,0,40,United-States
37,State-gov,311804,Doctorate,16,Married-civ-spouse,Prof-specialty,Husband,White,Male,0,0,45,United-States
49,Self-emp-not-inc,228429,Prof-school,15,Married-civ-spouse,Prof-specialty,Husband,White,Male,15024,0,65,United-States
41,Self-emp-not-inc,376032,Doctorate,16,Married-civ-spouse,Prof-specialty,Husband,White,Male,15024,0,55,United-States
66,Self-emp-not-inc,334223,Doctorate,16,Married-civ-spouse,Sales,Husband,White,Male,0,2377,25,United-States
44,Private,264021,Prof-school,15,Divorced,Prof-specialty,Not-in-family,White,Male,0,0,45,United-States
50,Private,118695,Masters,14,Divorced,Sales,Not-in-family,White,Female,0,0,40,United-States
71,State-gov,234902,Prof-school,15,Married-civ-spouse,Other-service,Husband,White,Male,0,0,28,United-States
58,Private,223003,Masters,14,Married-civ-spouse,Exec-managerial,Husband,White,Male,15024,0,40,Greece
57,Private,203752,Masters,14,Married-civ-spouse,Prof-specialty,Husband,White,Male,0,0,40,United-States
26,Private,125508,Masters,14,Never-married,Exec-managerial,Not-in-family,White,Female,0,0,48,United-States
56,Local-gov,269207,Doctorate,16,Divorced,Prof-specialty,Not-in-family,White,Female,0,1669,38,United-States
29,State-gov,139669,Masters,14,Married-civ-spouse,Prof-specialty,Husband,White,Male,0,0,15,United-States
70,Self-emp-not-inc,142637,Masters,14,Married-civ-spouse,Prof-specialty,Husband,White,Male,9386,0,30,United-States
53,Local-gov,161760,Masters,14,Married-civ-spouse,Prof-specialty,Husband,White,Male,0,1977,55,United-States
52,Local-gov,173992,Masters,14,Married-civ-spouse,Prof-specialty,Husband,Black,Male,0,0,40,United-States
28,Private,235777,Prof-school,15,Never-married,Prof-specialty,Not-in-family,Black,Male,0,0,50,United-States
57,Federal-gov,234511,Masters,14,Married-civ-spouse,Exec-managerial,Husband,Black,Male,15024,0,40,United-States
39,Private,217267,Prof-school,15,Married-civ-spouse,Exec-managerial,Wife,White,Female,15024,0,48,United-States
45,Private,147482,Masters,14,Married-civ-spouse,Exec-managerial,Husband,White,Male,0,0,50,United-States
39,Private,234252,Prof-school,15,Married-civ-spouse,Exec-managerial,Husband,White,Male,0,0,55,United-States
31,State-gov,368443,Doctorate,16,Married-civ-spouse,Prof-specialty,Husband,White,Male,0,1977,70,United-States
40,Private,351690,Doctorate,16,Married-civ-spouse,Prof-specialty,Husband,White,Male,0,0,40,United-States
51,Self-emp-inc,287199,Prof-school,15,Married-civ-spouse,Prof-specialty,Husband,White,Male,0,0,40,United-States
56,State-gov,136631,Masters,14,Divorced,Prof-specialty,Not-in-family,White,Female,0,0,39,United-States
45,State-gov,135304,Masters,14,Married-civ-spouse,Prof-specialty,Husband,White,Male,0,0,45,United-States
45,Private,218548,Prof-school,15,Married-civ-spouse,Exec-managerial,Husband,White,Male,0,0,40,United-States
69,Private,314533,Doctorate,16,Married-civ-spouse,Prof-specialty,Husband,White,Male,0,0,40,China
42,Self-emp-not-inc,228248,Masters,14,Married-civ-spouse,Sales,Husband,White,Male,99999,0,80,United-States
55,State-gov,212326,Doctorate,16,Married-civ-spouse,Prof-specialty,Husband,Asian-Pac-Islander,Male,0,0,40,India
53,State-gov,112543,Masters,14,Married-civ-spouse,Exec-managerial,Husband,White,Male,0,0,42,United-States
47,Self-emp-inc,233841,Masters,14,Married-civ-spouse,Exec-managerial,Husband,White,Male,15024,0,55,United-States
54,State-gov,138286,Masters,14,Never-married,Prof-specialty,Not-in-family,White,Female,0,0,45,United-States
53,Private,116590,Masters,14,Married-civ-spouse,Exec-managerial,Husband,White,Male,0,0,55,United-States
31,Private,234957,Prof-school,15,Never-married,Prof-specialty,Not-in-family,White,Male,0,0,50,United-States
49,Private,79414,Masters,14,Married-civ-spouse,Prof-specialty,Husband,White,Male,0,0,50,United-States
47,Local-gov,125594,Masters,14,Married-civ-spouse,Prof-specialty,Husband,White,Male,0,0,48,United-States
53,Local-gov,229169,Masters,14,Married-civ-spouse,Exec-managerial,Husband,Black,Male,0,0,40,United-States
61,Self-emp-inc,286668,Doctorate,16,Married-civ-spouse,Exec-managerial,Husband,Asian-Pac-Islander,Male,0,0,40,Taiwan
51,Federal-gov,166847,Masters,14,Widowed,Sales,Unmarried,White,Male,0,0,50,El-Salvador
55,Self-emp-inc,140743,Masters,14,Divorced,Prof-specialty,Not-in-family,White,Female,0,0,35,United-States
41,State-gov,214873,Masters,14,Married-civ-spouse,Prof-specialty,Husband,White,Male,0,0,40,United-States
55,State-gov,213458,Prof-school,15,Married-civ-spouse,Prof-specialty,Husband,White,Male,15024,0,40,United-States
69,Self-emp-not-inc,238733,Prof-school,15,Married-civ-spouse,Prof-specialty,Husband,White,Male,99999,0,40,United-States
42,Private,124834,Masters,14,Never-married,Prof-specialty,Not-in-family,White,Female,8614,0,50,United-States
32,Private,372495,Doctorate,16,Married-civ-spouse,Prof-specialty,Husband,White,Male,0,0,65,United-States
60,State-gov,102477,Masters,14,Married-civ-spouse,Prof-specialty,Husband,Asian-Pac-Islander,Male,0,0,38,China
31,Private,281506,Doctorate,16,Married-civ-spouse,Prof-specialty,Wife,White,Female,0,0,90,United-States
36,State-gov,216928,Masters,14,Married-civ-spouse,Prof-specialty,Husband,White,Male,0,0,40,United-States
40,Private,136344,Masters,14,Never-married,Exec-managerial,Not-in-family,White,Female,0,0,40,United-States
34,Private,224680,Masters,14,Married-civ-spouse,Sales,Husband,White,Male,0,0,40,United-States
56,Self-emp-not-inc,228383,Masters,14,Never-married,Sales,Not-in-family,White,Male,0,0,16,United-States
42,State-gov,135981,Masters,14,Never-married,Prof-specialty,Not-in-family,White,Male,0,0,70,United-States
77,Private,190454,Prof-school,15,Married-civ-spouse,Exec-managerial,Husband,White,Male,0,0,40,United-States
40,Private,295284,Doctorate,16,Married-civ-spouse,Prof-specialty,Husband,White,Male,0,0,45,United-States
50,Private,210906,Masters,14,Married-civ-spouse,Sales,Husband,White,Male,0,0,40,United-States
49,Private,110390,Masters,14,Married-spouse-absent,Protective-serv,Not-in-family,Asian-Pac-Islander,Male,0,0,40,India
59,Private,341070,Doctorate,16,Married-civ-spouse,Prof-specialty,Husband,White,Male,0,2415,45,United-States
58,State-gov,229480,Masters,14,Married-civ-spouse,Exec-managerial,Husband,White,Male,0,0,40,United-States
41,Private,111204,Masters,14,Married-civ-spouse,Exec-managerial,Husband,White,Male,0,0,40,United-States
36,Private,216285,Masters,14,Married-civ-spouse,Prof-specialty,Husband,White,Male,0,1977,50,United-States
42,Private,143367,Masters,14,Married-civ-spouse,Prof-specialty,Wife,White,Female,0,0,45,United-States
47,Private,135223,Masters,14,Divorced,Prof-specialty,Unmarried,White,Female,0,0,40,United-States
41,Local-gov,162394,Masters,14,Married-civ-spouse,Prof-specialty,Husband,White,Male,0,0,60,United-States
55,Self-emp-not-inc,136370,Masters,14,Married-civ-spouse,Sales,Husband,White,Male,3103,0,55,United-States
29,State-gov,120448,Masters,14,Never-married,Prof-specialty,Unmarried,Asian-Pac-Islander,Female,0,0,20,Taiwan
44,Self-emp-not-inc,170116,Prof-school,15,Married-civ-spouse,Prof-specialty,Husband,White,Male,99999,0,50,United-States
42,Self-emp-inc,219387,Masters,14,Married-civ-spouse,Exec-managerial,Husband,White,Male,0,0,40,United-States
53,Private,218616,Prof-school,15,Never-married,Prof-specialty,Not-in-family,White,Female,0,0,40,United-States
86,Private,138492,Masters,14,Never-married,Adm-clerical,Not-in-family,White,Female,0,0,40,United-States
47,Self-emp-not-inc,172105,Masters,14,Married-civ-spouse,Prof-specialty,Husband,White,Male,0,0,40,United-States
32,Private,185952,Masters,14,Married-civ-spouse,Exec-managerial,Husband,White,Male,0,0,60,United-States
38,Self-emp-inc,349931,Prof-school,15,Married-civ-spouse,Prof-specialty,Husband,White,Male,99999,0,50,United-States
39,Self-emp-not-inc,149208,Masters,14,Never-married,Prof-specialty,Not-in-family,White,Female,0,0,50,Columbia
33,Self-emp-not-inc,194851,Prof-school,15,Married-civ-spouse,Prof-specialty,Husband,White,Male,0,0,60,United-States
50,Private,171039,Masters,14,Married-civ-spouse,Exec-managerial,Husband,White,Male,0,0,65,United-States
46,Self-emp-not-inc,343881,Doctorate,16,Married-civ-spouse,Prof-specialty,Husband,White,Male,0,1902,50,United-States
55,Federal-gov,236513,Prof-school,15,Married-civ-spouse,Exec-managerial,Husband,White,Male,15024,0,40,United-States
47,Self-emp-not-inc,246263,Masters,14,Married-civ-spouse,Exec-managerial,Husband,White,Male,0,0,45,United-States
62,Private,356743,Doctorate,16,Divorced,Prof-specialty,Unmarried,White,Male,15020,0,50,United-States
35,Private,251138,Doctorate,16,Married-civ-spouse,Prof-specialty,Husband,Asian-Pac-Islander,Male,0,1902,40,Taiwan
41,Self-emp-inc,178407,Masters,14,Married-civ-spouse,Exec-managerial,Husband,White,Male,0,0,60,United-States
42,Self-emp-inc,158821,Prof-school,15,Married-civ-spouse,Prof-specialty,Husband,White,Male,15024,0,65,United-States
54,Private,187424,Preschool,1,Married-civ-spouse,Craft-repair,Husband,Asian-Pac-Islander,Male,0,0,40,India
50,Self-emp-not-inc,75040,Masters,14,Married-civ-spouse,Sales,Husband,White,Male,7688,0,45,United-States
59,Self-emp-inc,157395,Masters,14,Married-civ-spouse,Sales,Husband,White,Male,0,0,40,United-States
59,Private,139074,Masters,14,Widowed,Exec-managerial,Not-in-family,White,Female,0,0,40,United-States
39,Private,208532,Prof-school,15,Never-married,Prof-specialty,Not-in-family,White,Female,14084,0,35,United-States
21,State-gov,137066,Masters,14,Never-married,Transport-moving,Own-child,White,Male,0,0,15,United-States
40,Self-emp-not-inc,222451,Prof-school,15,Married-civ-spouse,Prof-specialty,Wife,White,Female,15024,0,40,United-States
45,Private,123679,Masters,14,Never-married,Prof-specialty,Not-in-family,White,Female,0,0,40,United-States
45,Self-emp-not-inc,223520,Doctorate,16,Married-civ-spouse,Prof-specialty,Husband,White,Male,15024,0,40,United-States
51,Local-gov,150599,Masters,14,Married-civ-spouse,Prof-specialty,Husband,White,Male,15024,0,40,United-States
61,Self-emp-not-inc,308062,Doctorate,16,Married-civ-spouse,Prof-specialty,Husband,White,Male,0,0,40,United-States
34,State-gov,285380,Doctorate,16,Married-civ-spouse,Prof-specialty,Wife,White,Female,0,0,50,United-States
31,Private,136374,Prof-school,15,Married-civ-spouse,Prof-specialty,Husband,White,Male,0,0,60,United-States
51,State-gov,318429,Doctorate,16,Married-civ-spouse,Exec-managerial,Husband,White,Male,7688,0,55,United-States
44,Private,92078,Masters,14,Married-civ-spouse,Exec-managerial,Husband,White,Male,0,0,50,United-States
61,State-gov,222197,Prof-school,15,Married-civ-spouse,Prof-specialty,Husband,White,Male,0,1902,40,United-States
27,Private,153059,Masters,14,Never-married,Prof-specialty,Not-in-family,White,Male,0,0,40,United-States
40,Private,132162,Masters,14,Never-married,Prof-specialty,Not-in-family,White,Female,0,0,40,United-States
27,Private,173855,Masters,14,Never-married,Adm-clerical,Own-child,White,Male,0,0,45,United-States
44,Private,125750,Masters,14,Married-civ-spouse,Exec-managerial,Husband,White,Male,0,0,45,United-States
60,Self-emp-not-inc,207872,Prof-school,15,Married-civ-spouse,Sales,Husband,White,Male,0,0,45,United-States
54,State-gov,275872,Doctorate,16,Never-married,Exec-managerial,Not-in-family,White,Female,0,0,40,United-States
42,Private,282127,Doctorate,16,Never-married,Prof-specialty,Not-in-family,White,Male,0,0,50,United-States
46,Private,167916,Masters,14,Married-civ-spouse,Adm-clerical,Husband,White,Male,0,1740,60,United-States
32,Private,132558,Masters,14,Never-married,Exec-managerial,Not-in-family,White,Female,0,0,40,United-States
31,Private,71246,Masters,14,Married-civ-spouse,Exec-managerial,Husband,White,Male,0,0,40,United-States
42,Self-emp-not-inc,240322,Prof-school,15,Married-civ-spouse,Prof-specialty,Husband,White,Male,0,1887,40,United-States
39,Self-emp-inc,120351,Masters,14,Divorced,Exec-managerial,Not-in-family,Asian-Pac-Islander,Male,0,0,99,Japan
60,State-gov,278991,Prof-school,15,Married-civ-spouse,Prof-specialty,Husband,White,Male,0,0,40,United-States
70,Self-emp-not-inc,164329,Masters,14,Married-civ-spouse,Exec-managerial,Husband,Black,Male,0,0,40,United-States
50,Self-emp-not-inc,222357,Prof-school,15,Married-civ-spouse,Exec-managerial,Husband,White,Male,99999,0,50,United-States
30,Private,203787,Prof-school,15,Divorced,Prof-specialty,Not-in-family,White,Male,10520,0,50,United-States
48,Self-emp-inc,234333,Prof-school,15,Married-civ-spouse,Prof-specialty,Husband,White,Male,15024,0,40,United-States
34,State-gov,177204,Masters,14,Married-civ-spouse,Prof-specialty,Husband,White,Male,0,0,50,United-States
42,Private,54373,Preschool,1,Married-civ-spouse,Craft-repair,Husband,White,Male,0,0,40,Nicaragua
49,State-gov,176497,Masters,14,Married-civ-spouse,Prof-specialty,Husband,White,Male,0,0,45,United-States
29,Local-gov,132101,Masters,14,Married-civ-spouse,Prof-specialty,Wife,White,Female,0,0,40,United-States
48,State-gov,327578,Doctorate,16,Married-civ-spouse,Prof-specialty,Husband,White,Male,0,0,65,United-States
54,Private,149447,Masters,14,Married-civ-spouse,Sales,Husband,White,Male,0,0,55,United-States
37,Private,281425,Doctorate,16,Separated,Prof-specialty,Unmarried,White,Female,0,0,40,United-States
37,Local-gov,142653,Masters,14,Married-civ-spouse,Prof-specialty,Wife,White,Female,0,0,45,United-States
27,State-gov,324917,Doctorate,16,Never-married,Prof-specialty,Not-in-family,White,Male,0,0,77,United-States
29,Self-emp-not-inc,163528,Prof-school,15,Divorced,Prof-specialty,Not-in-family,White,Male,99999,0,60,United-States
29,State-gov,137731,Masters,14,Married-civ-spouse,Prof-specialty,Wife,White,Female,0,0,45,United-States
31,Private,195155,Prof-school,15,Married-civ-spouse,Prof-specialty,Husband,White,Male,0,0,25,United-States
32,Private,135123,Preschool,1,Married-civ-spouse,Machine-op-inspct,Husband,White,Male,0,0,40,Mexico
33,Private,197743,Masters,14,Married-civ-spouse,Exec-managerial,Husband,White,Male,0,0,40,United-States
57,Private,150917,Masters,14,Married-civ-spouse,Prof-specialty,Husband,White,Male,0,0,55,United-States
51,Private,172092,Masters,14,Married-civ-spouse,Exec-managerial,Husband,White,Male,0,1887,47,United-States
58,Self-emp-inc,285083,Doctorate,16,Married-civ-spouse,Prof-specialty,Husband,White,Male,0,0,24,United-States
45,Self-emp-not-inc,123885,Masters,14,Never-married,Prof-specialty,Not-in-family,White,Female,0,0,60,United-States
50,Self-emp-inc,276916,Prof-school,15,Married-civ-spouse,Prof-specialty,Husband,White,Male,0,2415,60,United-States
39,State-gov,298729,Doctorate,16,Divorced,Prof-specialty,Not-in-family,White,Female,0,0,40,United-States
72,Self-emp-not-inc,230626,Prof-school,15,Married-civ-spouse,Prof-specialty,Husband,White,Male,0,2246,28,United-States
48,Private,252955,Prof-school,15,Married-civ-spouse,Exec-managerial,Husband,White,Male,99999,0,50,United-States
46,Private,282341,Prof-school,15,Divorced,Farming-fishing,Unmarried,White,Male,0,0,48,United-States
55,Private,218374,Masters,14,Divorced,Exec-managerial,Unmarried,White,Male,0,0,40,United-States
53,Private,150882,Masters,14,Married-civ-spouse,Exec-managerial,Husband,White,Male,0,0,45,United-States
63,Private,184611,Masters,14,Married-civ-spouse,Tech-support,Husband,White,Male,5013,0,40,United-States
35,Private,206789,Prof-school,15,Married-civ-spouse,Prof-specialty,Husband,White,Male,0,0,55,United-States
41,Local-gov,137044,Masters,14,Married-civ-spouse,Prof-specialty,Husband,White,Male,0,0,50,United-States
50,Local-gov,149933,Masters,14,Divorced,Exec-managerial,Not-in-family,White,Female,4650,0,70,United-States
56,Local-gov,148384,Masters,14,Divorced,Prof-specialty,Not-in-family,White,Female,0,0,40,United-States
48,Private,58729,Preschool,1,Separated,Other-service,Unmarried,White,Female,0,0,40,El-Salvador
44,Private,87377,Masters,14,Married-civ-spouse,Prof-specialty,Husband,White,Male,7298,0,40,United-States
23,Private,61866,Preschool,1,Never-married,Other-service,Own-child,White,Female,0,0,15,United-States
37,Private,139011,Masters,14,Never-married,Exec-managerial,Not-in-family,White,Female,0,0,40,United-States
40,Private,263193,Doctorate,16,Married-civ-spouse,Prof-specialty,Wife,White,Female,0,1977,20,United-States
31,Private,229786,Masters,14,Never-married,Exec-managerial,Not-in-family,White,Male,0,1564,40,United-States
28,Local-gov,220032,Prof-school,15,Married-civ-spouse,Prof-specialty,Husband,White,Male,0,0,40,United-States
45,Private,359483,Doctorate,16,Never-married,Prof-specialty,Not-in-family,White,Male,99999,0,30,United-States
29,Private,94751,Masters,14,Never-married,Prof-specialty,Not-in-family,Black,Male,0,0,42,United-States
42,Self-emp-not-inc,281778,Prof-school,15,Divorced,Prof-specialty,Unmarried,White,Male,0,0,60,United-States
46,Private,156282,Masters,14,Married-civ-spouse,Prof-specialty,Husband,White,Male,7688,0,46,United-States
23,Private,65309,Preschool,1,Never-married,Other-service,Not-in-family,Asian-Pac-Islander,Female,0,0,40,Laos
33,Private,364918,Doctorate,16,Married-civ-spouse,Prof-specialty,Husband,White,Male,0,0,60,United-States
44,Local-gov,143522,Masters,14,Never-married,Prof-specialty,Not-in-family,White,Female,0,1669,40,United-States
50,Self-emp-inc,319955,Doctorate,16,Married-civ-spouse,Prof-specialty,Husband,White,Male,15024,0,60,United-States
49,Local-gov,202236,Masters,14,Married-civ-spouse,Prof-specialty,Husband,White,Male,7298,0,40,United-States
51,Private,205960,Prof-school,15,Never-married,Prof-specialty,Not-in-family,White,Female,0,2559,50,United-States
44,State-gov,171760,Masters,14,Married-civ-spouse,Exec-managerial,Husband,White,Male,0,1902,40,United-States
51,Self-emp-not-inc,217397,Prof-school,15,Divorced,Prof-specialty,Not-in-family,White,Male,0,0,80,United-States
34,Private,188564,Masters,14,Never-married,Exec-managerial,Own-child,White,Male,0,0,40,United-States
29,Private,213744,Prof-school,15,Never-married,Prof-specialty,Unmarried,White,Male,27828,0,45,Germany
64,Self-emp-not-inc,361727,Prof-school,15,Married-civ-spouse,Prof-specialty,Husband,White,Male,0,0,9,United-States
44,Private,148861,Masters,14,Never-married,Prof-specialty,Not-in-family,White,Female,0,0,35,United-States
46,Self-emp-inc,137607,Masters,14,Married-civ-spouse,Sales,Husband,White,Male,0,1977,60,United-States
65,Private,112338,Masters,14,Never-married,Prof-specialty,Not-in-family,White,Male,0,0,99,United-States
45,Private,214103,Masters,14,Married-civ-spouse,Exec-managerial,Husband,White,Male,15024,0,60,United-States
34,State-gov,312122,Doctorate,16,Married-civ-spouse,Prof-specialty,Husband,White,Male,0,0,45,Germany
45,State-gov,115677,Masters,14,Divorced,Exec-managerial,Not-in-family,White,Male,0,0,45,United-States
49,Local-gov,134052,Masters,14,Separated,Prof-specialty,Unmarried,White,Female,0,0,70,United-States
31,Self-emp-not-inc,242742,Masters,14,Never-married,Prof-specialty,Not-in-family,White,Male,0,0,45,England
57,Local-gov,129971,Masters,14,Divorced,Other-service,Unmarried,Black,Female,0,0,40,United-States
54,Local-gov,129432,Masters,14,Divorced,Prof-specialty,Not-in-family,White,Female,0,0,40,United-States
51,Self-emp-inc,333510,Doctorate,16,Married-civ-spouse,Prof-specialty,Husband,White,Male,15024,0,40,United-States
54,Private,196344,Masters,14,Married-civ-spouse,Exec-managerial,Husband,White,Male,0,1887,44,United-States
54,Private,355713,Doctorate,16,Married-civ-spouse,Exec-managerial,Husband,White,Male,0,1977,50,United-States
38,State-gov,281165,Doctorate,16,Married-civ-spouse,Prof-specialty,Husband,White,Male,0,0,40,United-States
48,Private,172794,Masters,14,Married-civ-spouse,Tech-support,Husband,White,Male,0,0,40,United-States
48,State-gov,132521,Masters,14,Divorced,Protective-serv,Not-in-family,White,Male,0,0,72,United-States
39,Private,134450,Masters,14,Married-civ-spouse,Prof-specialty,Wife,White,Female,0,1977,24,United-States
45,Local-gov,142006,Masters,14,Married-civ-spouse,Prof-specialty,Husband,White,Male,0,0,50,United-States
49,Self-emp-inc,165907,Prof-school,15,Married-civ-spouse,Prof-specialty,Husband,White,Male,99999,0,37,United-States
41,Local-gov,135611,Masters,14,Divorced,Prof-specialty,Unmarried,White,Female,0,0,60,United-States
56,Self-emp-inc,239799,Prof-school,15,Married-civ-spouse,Prof-specialty,Husband,White,Male,99999,0,40,United-States
36,Private,252211,Masters,14,Married-civ-spouse,Prof-specialty,Husband,Other,Male,0,0,40,Iran
42,Private,131810,Preschool,1,Never-married,Handlers-cleaners,Not-in-family,White,Male,0,0,25,United-States
47,Local-gov,146885,Masters,14,Never-married,Prof-specialty,Not-in-family,White,Male,0,0,35,United-States
39,Local-gov,167464,Masters,14,Divorced,Prof-specialty,Not-in-family,Black,Male,0,0,40,Dominican-Republic
28,Private,142345,Masters,14,Married-spouse-absent,Sales,Not-in-family,White,Female,0,0,80,United-States
39,Private,136459,Masters,14,Never-married,Other-service,Not-in-family,White,Female,0,0,32,United-States
46,Private,206329,Masters,14,Married-civ-spouse,Prof-specialty,Husband,White,Male,15024,0,50,United-States
27,Private,211623,Prof-school,15,Never-married,Prof-specialty,Own-child,White,Female,0,0,40,United-States
53,Local-gov,215370,Prof-school,15,Never-married,Prof-specialty,Not-in-family,White,Female,0,0,50,United-States
45,Private,179884,Masters,14,Married-civ-spouse,Other-service,Husband,White,Male,0,0,40,United-States
46,Private,373209,Doctorate,16,Married-civ-spouse,Prof-specialty,Husband,White,Male,0,0,70,United-States
64,Private,309744,Doctorate,16,Married-civ-spouse,Prof-specialty,Husband,White,Male,0,0,60,United-States
35,Self-emp-inc,120583,Masters,14,Married-civ-spouse,Prof-specialty,Husband,Asian-Pac-Islander,Male,0,0,40,India
46,Local-gov,220221,Prof-school,15,Married-civ-spouse,Prof-specialty,Husband,Asian-Pac-Islander,Male,0,0,40,Philippines
67,Private,194065,Masters,14,Married-civ-spouse,Exec-managerial,Husband,White,Male,0,0,40,United-States
28,Private,192349,Prof-school,15,Never-married,Prof-specialty,Not-in-family,White,Male,0,2339,40,Canada
59,Private,265586,Prof-school,15,Married-civ-spouse,Transport-moving,Husband,Black,Male,15024,0,50,United-States
46,Local-gov,139325,Masters,14,Divorced,Prof-specialty,Unmarried,White,Female,0,0,43,United-States
46,Private,307059,Doctorate,16,Married-civ-spouse,Prof-specialty,Husband,White,Male,0,2415,55,United-States
46,Federal-gov,155516,Masters,14,Married-civ-spouse,Armed-Forces,Husband,White,Male,0,1887,40,United-States
39,Local-gov,179590,Masters,14,Married-civ-spouse,Prof-specialty,Husband,White,Male,0,0,72,United-States
54,Private,177058,Masters,14,Married-civ-spouse,Transport-moving,Husband,White,Male,7688,0,60,United-States
31,Private,362239,Doctorate,16,Married-civ-spouse,Prof-specialty,Husband,White,Male,0,1977,99,United-States
58,Private,257422,Masters,14,Married-civ-spouse,Exec-managerial,Husband,White,Male,0,0,40,United-States
47,Local-gov,172594,Masters,14,Married-civ-spouse,Prof-specialty,Husband,White,Male,15024,0,35,United-States
35,Private,139300,Masters,14,Never-married,Prof-specialty,Unmarried,White,Female,0,0,32,United-States
45,Self-emp-not-inc,122942,Masters,14,Divorced,Craft-repair,Not-in-family,White,Male,0,0,40,United-States
49,Private,195026,Masters,14,Married-civ-spouse,Prof-specialty,Husband,White,Male,0,0,50,United-States
31,Local-gov,280250,Prof-school,15,Married-civ-spouse,Prof-specialty,Husband,White,Male,0,0,40,United-States
41,Self-emp-not-inc,157711,Masters,14,Married-civ-spouse,Exec-managerial,Husband,White,Male,7298,0,70,United-States
51,Private,223884,Masters,14,Married-civ-spouse,Exec-managerial,Husband,White,Male,0,1977,50,United-States
48,State-gov,191438,Masters,14,Married-civ-spouse,Prof-specialty,Husband,White,Male,0,0,61,United-States
27,Private,220105,Prof-school,15,Never-married,Prof-specialty,Not-in-family,White,Female,0,0,45,United-States
19,Private,57220,Preschool,1,Never-married,Farming-fishing,Not-in-family,White,Male,0,0,36,Hong
39,Local-gov,133445,Masters,14,Never-married,Prof-specialty,Not-in-family,White,Female,0,0,55,United-States
57,State-gov,278181,Doctorate,16,Divorced,Prof-specialty,Unmarried,White,Female,0,0,50,United-States
50,Self-emp-inc,155518,Masters,14,Married-civ-spouse,Prof-specialty,Husband,White,Male,0,0,55,United-States
51,Local-gov,261728,Doctorate,16,Married-civ-spouse,Prof-specialty,Wife,Black,Female,0,0,40,United-States
31,Private,113146,Masters,14,Never-married,Prof-specialty,Not-in-family,White,Male,0,0,30,United-States
28,Private,165232,Masters,14,Married-civ-spouse,Prof-specialty,Husband,White,Male,0,0,38,United-States
67,Self-emp-not-inc,318217,Doctorate,16,Married-civ-spouse,Prof-specialty,Husband,White,Male,10605,0,35,United-States
65,Private,197632,Masters,14,Married-civ-spouse,Prof-specialty,Husband,White,Male,5556,0,50,United-States
43,Private,291161,Prof-school,15,Divorced,Exec-managerial,Not-in-family,White,Male,0,0,40,United-States
60,Private,160655,Masters,14,Married-civ-spouse,Transport-moving,Husband,White,Male,0,0,10,United-States
52,Local-gov,269540,Doctorate,16,Married-civ-spouse,Prof-specialty,Wife,White,Female,0,0,40,United-States
56,Self-emp-not-inc,188665,Masters,14,Married-civ-spouse,Exec-managerial,Husband,White,Male,0,0,25,United-States
34,Private,230210,Prof-school,15,Married-civ-spouse,Prof-specialty,Husband,White,Male,0,0,55,United-States
71,Self-emp-inc,280097,Masters,14,Married-civ-spouse,Exec-managerial,Husband,White,Male,99999,0,40,United-States
57,Self-emp-inc,260235,Prof-school,15,Married-civ-spouse,Prof-specialty,Husband,White,Male,0,0,35,United-States
34,Private,294968,Prof-school,15,Never-married,Exec-managerial,Own-child,White,Male,0,0,50,United-States
51,Self-emp-inc,223250,Prof-school,15,Divorced,Prof-specialty,Not-in-family,White,Male,27828,0,60,United-States
42,Local-gov,145498,Masters,14,Divorced,Prof-specialty,Unmarried,White,Female,0,0,40,United-States
53,Self-emp-not-inc,162278,Masters,14,Married-civ-spouse,Prof-specialty,Husband,White,Male,0,0,50,United-States
28,State-gov,141120,Masters,14,Married-civ-spouse,Exec-managerial,Wife,White,Female,0,0,40,United-States
51,Local-gov,217864,Prof-school,15,Widowed,Prof-specialty,Not-in-family,White,Female,0,0,40,United-States
64,Federal-gov,233700,Doctorate,16,Married-civ-spouse,Prof-specialty,Husband,Asian-Pac-Islander,Male,0,0,40,China
54,Local-gov,180837,Masters,14,Married-civ-spouse,Prof-specialty,Husband,White,Male,7688,0,40,United-States
64,Private,340880,Doctorate,16,Widowed,Prof-specialty,Not-in-family,White,Male,0,0,80,United-States
47,Private,212013,Prof-school,15,Married-civ-spouse,Sales,Husband,White,Male,0,0,45,United-States
42,State-gov,195310,Masters,14,Married-civ-spouse,Adm-clerical,Husband,Amer-Indian-Eskimo,Male,0,0,40,United-States
44,Private,165294,Masters,14,Divorced,Exec-managerial,Not-in-family,White,Male,10520,0,45,United-States
33,Private,131235,Masters,14,Married-civ-spouse,Prof-specialty,Husband,White,Male,0,0,45,United-States
45,Self-emp-inc,226097,Prof-school,15,Married-civ-spouse,Prof-specialty,Husband,White,Male,0,1485,50,United-States
36,Self-emp-not-inc,240674,Doctorate,16,Married-civ-spouse,Prof-specialty,Husband,White,Male,0,0,35,United-States
28,Private,162827,Masters,14,Never-married,Prof-specialty,Own-child,White,Male,0,0,40,United-States
25,Local-gov,132816,Masters,14,Never-married,Prof-specialty,Own-child,White,Female,0,0,40,United-States
42,State-gov,92749,Masters,14,Divorced,Exec-managerial,Not-in-family,White,Male,0,0,45,United-States
26,Private,201050,Masters,14,Never-married,Tech-support,Other-relative,White,Male,0,0,25,United-States
51,Local-gov,128394,Masters,14,Married-civ-spouse,Prof-specialty,Husband,White,Male,0,0,60,United-States
39,Self-emp-not-inc,208728,Prof-school,15,Married-civ-spouse,Prof-specialty,Husband,White,Male,0,0,45,United-States
37,Self-emp-not-inc,278146,Doctorate,16,Never-married,Prof-specialty,Not-in-family,White,Female,0,2559,60,United-States
41,Private,133097,Masters,14,Widowed,Prof-specialty,Not-in-family,White,Female,4650,0,55,United-States
50,Self-emp-not-inc,280989,Doctorate,16,Married-civ-spouse,Prof-specialty,Husband,White,Male,0,0,60,United-States
34,Local-gov,127815,Masters,14,Separated,Prof-specialty,Unmarried,White,Female,0,0,40,United-States
28,Private,118002,Masters,14,Never-married,Prof-specialty,Not-in-family,White,Male,0,0,50,United-States
46,Private,194498,Prof-school,15,Divorced,Prof-specialty,Unmarried,White,Female,0,0,40,United-States
26,Private,227761,Masters,14,Married-civ-spouse,Machine-op-inspct,Husband,White,Male,0,0,20,Canada
36,Self-emp-not-inc,131636,Prof-school,15,Divorced,Prof-specialty,Unmarried,White,Male,25236,0,40,United-States
34,Private,167776,Masters,14,Married-civ-spouse,Exec-managerial,Husband,Asian-Pac-Islander,Male,3103,0,40,India
29,State-gov,136700,Masters,14,Never-married,Prof-specialty,Not-in-family,White,Female,0,0,35,United-States
57,Self-emp-inc,221556,Masters,14,Married-civ-spouse,Sales,Husband,White,Male,99999,0,40,United-States
36,Private,136362,Masters,14,Married-civ-spouse,Adm-clerical,Husband,White,Male,0,1977,40,Japan
38,Self-emp-not-inc,240944,Doctorate,16,Married-civ-spouse,Prof-specialty,Husband,White,Male,0,0,50,United-States
68,Private,265697,Doctorate,16,Divorced,Prof-specialty,Not-in-family,White,Female,0,0,40,Cuba
32,Private,244222,Prof-school,15,Married-civ-spouse,Prof-specialty,Husband,White,Male,0,0,40,United-States
64,Self-emp-inc,233747,Prof-school,15,Married-civ-spouse,Prof-specialty,Husband,White,Male,99999,0,35,United-States
34,State-gov,141099,Masters,14,Married-civ-spouse,Exec-managerial,Husband,White,Male,0,0,38,United-States
34,Self-emp-not-inc,325054,Doctorate,16,Married-civ-spouse,Prof-specialty,Husband,White,Male,0,0,32,Canada
40,Private,291196,Prof-school,15,Married-civ-spouse,Prof-specialty,Husband,White,Male,0,0,40,United-States
36,Local-gov,310815,Doctorate,16,Married-civ-spouse,Prof-specialty,Husband,White,Male,0,1887,50,United-States
31,Private,176799,Masters,14,Married-civ-spouse,Prof-specialty,Husband,Asian-Pac-Islander,Male,0,0,6,South
52,Private,88411,Preschool,1,Married-civ-spouse,Machine-op-inspct,Husband,White,Male,0,0,40,El-Salvador
35,Private,111765,Masters,14,Married-civ-spouse,Exec-managerial,Husband,White,Male,0,0,40,United-States
54,Local-gov,119299,Masters,14,Never-married,Prof-specialty,Not-in-family,White,Female,0,0,32,United-States
51,Local-gov,154584,Masters,14,Married-civ-spouse,Prof-specialty,Wife,White,Female,0,0,70,United-States
44,State-gov,112718,Masters,14,Married-civ-spouse,Adm-clerical,Husband,White,Male,0,0,40,United-States
47,Private,299347,Doctorate,16,Married-civ-spouse,Prof-specialty,Husband,White,Male,0,0,40,Iran
36,State-gov,281125,Doctorate,16,Married-civ-spouse,Prof-specialty,Wife,White,Female,0,0,36,United-States
43,Private,135676,Masters,14,Married-civ-spouse,Exec-managerial,Wife,White,Female,15024,0,32,United-States
54,Private,84001,Preschool,1,Married-civ-spouse,Craft-repair,Husband,Asian-Pac-Islander,Male,0,0,40,China
45,Local-gov,134811,Masters,14,Never-married,Prof-specialty,Not-in-family,White,Female,0,0,40,United-States
62,Self-emp-not-inc,280199,Prof-school,15,Married-civ-spouse,Prof-specialty,Husband,White,Male,0,0,16,United-States
32,Private,198031,Prof-school,15,Never-married,Sales,Not-in-family,White,Female,13550,0,50,United-States
55,Self-emp-not-inc,208606,Prof-school,15,Divorced,Prof-specialty,Not-in-family,White,Female,0,0,35,United-States
40,Local-gov,141075,Masters,14,Married-civ-spouse,Prof-specialty,Wife,White,Female,0,0,40,United-States
40,Local-gov,220275,Prof-school,15,Never-married,Exec-managerial,Not-in-family,White,Male,0,0,60,United-States
55,Local-gov,253238,Masters,14,Married-civ-spouse,Exec-managerial,Husband,White,Male,0,0,55,United-States
49,Private,172584,Masters,14,Married-civ-spouse,Sales,Husband,White,Male,0,0,40,United-States
52,Private,182328,Masters,14,Married-civ-spouse,Sales,Husband,White,Male,0,0,40,United-States
30,Private,144646,Masters,14,Never-married,Prof-specialty,Not-in-family,White,Male,0,0,40,Ireland
46,Private,142166,Masters,14,Divorced,Exec-managerial,Not-in-family,White,Female,0,0,45,United-States
42,Private,210546,Masters,14,Never-married,Exec-managerial,Not-in-family,White,Male,0,0,40,United-States
64,Private,139517,Masters,14,Never-married,Prof-specialty,Other-relative,White,Female,0,0,8,United-States
31,Local-gov,192428,Masters,14,Married-civ-spouse,Prof-specialty,Husband,White,Male,0,0,90,United-States
50,Local-gov,250154,Masters,14,Married-civ-spouse,Exec-managerial,Husband,White,Male,0,0,60,United-States
49,Private,203422,Masters,14,Married-civ-spouse,Sales,Husband,White,Male,0,0,45,United-States
69,Self-emp-inc,219472,Masters,14,Married-civ-spouse,Exec-managerial,Husband,White,Male,6514,0,40,United-States
53,Local-gov,151419,Masters,14,Married-civ-spouse,Adm-clerical,Husband,White,Male,0,0,38,United-States
44,Private,229790,Doctorate,16,Never-married,Prof-specialty,Not-in-family,White,Male,0,0,45,United-States
48,Private,194507,Prof-school,15,Divorced,Prof-specialty,Unmarried,White,Female,0,0,25,United-States
49,Self-emp-not-inc,348164,Doctorate,16,Never-married,Prof-specialty,Not-in-family,White,Male,99999,0,70,United-States
47,Private,104524,Masters,14,Married-civ-spouse,Exec-managerial,Husband,White,Male,15024,0,55,United-States
48,State-gov,191935,Prof-school,15,Married-civ-spouse,Prof-specialty,Husband,White,Male,15024,0,50,United-States
36,Self-emp-inc,267122,Prof-school,15,Married-civ-spouse,Prof-specialty,Husband,White,Male,0,0,80,United-States
45,Private,293376,Doctorate,16,Divorced,Prof-specialty,Not-in-family,White,Male,0,0,45,United-States
66,Local-gov,279185,Doctorate,16,Married-civ-spouse,Prof-specialty,Husband,Black,Male,20051,0,35,Jamaica
51,Private,252354,Prof-school,15,Married-civ-spouse,Prof-specialty,Husband,White,Male,0,0,50,United-States
29,Federal-gov,174486,Masters,14,Married-civ-spouse,Prof-specialty,Husband,White,Male,0,0,40,United-States
46,Self-emp-inc,194810,Prof-school,15,Married-civ-spouse,Prof-specialty,Husband,White,Male,0,0,60,United-States
39,Local-gov,87214,Masters,14,Married-civ-spouse,Prof-specialty,Husband,White,Male,0,1977,45,United-States
31,State-gov,138957,Masters,14,Divorced,Exec-managerial,Unmarried,White,Female,0,0,50,United-States
32,State-gov,173978,Masters,14,Never-married,Prof-specialty,Not-in-family,White,Male,0,0,10,United-States
49,Self-emp-inc,142711,Prof-school,15,Married-civ-spouse,Prof-specialty,Husband,White,Male,0,0,60,United-States
63,Private,207188,Masters,14,Married-civ-spouse,Prof-specialty,Husband,White,Male,0,0,50,United-States
32,State-gov,156011,Masters,14,Never-married,Adm-clerical,Not-in-family,White,Female,0,0,38,United-States
40,State-gov,136118,Masters,14,Divorced,Exec-managerial,Unmarried,White,Female,1506,0,40,United-States
34,Self-emp-not-inc,288909,Prof-school,15,Married-civ-spouse,Prof-specialty,Husband,White,Male,0,0,55,United-States
58,State-gov,262475,Doctorate,16,Never-married,Exec-managerial,Not-in-family,White,Female,0,0,43,United-States
32,Private,141403,Masters,14,Never-married,Sales,Own-child,Black,Male,0,0,40,United-States
35,Private,141842,Masters,14,Married-civ-spouse,Exec-managerial,Husband,Asian-Pac-Islander,Male,0,0,50,United-States
62,Private,185609,Masters,14,Never-married,Handlers-cleaners,Not-in-family,White,Male,4650,0,40,United-States
32,Local-gov,141221,Masters,14,Never-married,Prof-specialty,Not-in-family,White,Female,4865,0,40,United-States
34,Local-gov,153726,Masters,14,Never-married,Prof-specialty,Not-in-family,White,Male,0,0,35,United-States
39,Private,126928,Masters,14,Never-married,Prof-specialty,Not-in-family,White,Male,0,0,40,United-States
30,State-gov,115108,Masters,14,Married-civ-spouse,Prof-specialty,Wife,White,Female,0,0,50,United-States
50,Local-gov,137159,Masters,14,Divorced,Prof-specialty,Unmarried,White,Female,0,0,65,United-States
37,Private,186340,Prof-school,15,Married-civ-spouse,Prof-specialty,Husband,White,Male,0,0,50,United-States
72,Private,218688,Masters,14,Never-married,Prof-specialty,Not-in-family,White,Male,2329,0,60,United-States
40,State-gov,134504,Masters,14,Divorced,Prof-specialty,Unmarried,White,Female,0,0,20,United-States
66,Private,59518,Preschool,1,Widowed,Priv-house-serv,Other-relative,White,Female,0,0,40,Guatemala
62,Self-emp-not-inc,129803,Masters,14,Divorced,Prof-specialty,Unmarried,White,Female,0,0,32,United-States
50,Self-emp-inc,182625,Masters,14,Married-civ-spouse,Prof-specialty,Husband,White,Male,7298,0,50,United-States
45,Federal-gov,115573,Masters,14,Divorced,Exec-managerial,Not-in-family,White,Male,0,0,40,United-States
46,Self-emp-inc,167129,Masters,14,Married-civ-spouse,Sales,Husband,White,Male,0,0,50,United-States
47,Private,139605,Masters,14,Separated,Machine-op-inspct,Unmarried,Asian-Pac-Islander,Female,0,0,42,India
57,Self-emp-not-inc,109760,Masters,14,Never-married,Farming-fishing,Not-in-family,White,Male,0,0,20,United-States
35,Private,167938,Prof-school,15,Married-civ-spouse,Prof-specialty,Husband,White,Male,7688,0,50,United-States
76,Federal-gov,128346,Masters,14,Widowed,Prof-specialty,Not-in-family,White,Female,0,0,15,United-States
51,Private,172035,Masters,14,Married-civ-spouse,Exec-managerial,Husband,White,Male,7298,0,50,United-States
34,Local-gov,78062,Preschool,1,Never-married,Adm-clerical,Own-child,Black,Female,0,0,25,United-States
33,State-gov,110523,Masters,14,Married-civ-spouse,Prof-specialty,Husband,Asian-Pac-Islander,Male,0,0,19,India
43,Private,135950,Masters,14,Divorced,Prof-specialty,Unmarried,White,Female,0,2547,40,United-States
59,State-gov,236279,Masters,14,Married-civ-spouse,Exec-managerial,Husband,White,Male,0,0,50,United-States
68,Private,142902,Masters,14,Never-married,Prof-specialty,Not-in-family,White,Female,3273,0,40,United-States
33,Private,181004,Masters,14,Married-civ-spouse,Exec-managerial,Husband,White,Male,7298,0,45,United-States
50,Self-emp-not-inc,267941,Doctorate,16,Married-civ-spouse,Prof-specialty,Husband,White,Male,0,0,23,United-States
29,Private,124875,Masters,14,Married-civ-spouse,Prof-specialty,Wife,Asian-Pac-Islander,Female,0,0,40,Hong
41,Private,229522,Masters,14,Married-civ-spouse,Exec-managerial,Husband,White,Male,0,0,45,United-States
40,Self-emp-not-inc,139473,Masters,14,Married-civ-spouse,Exec-managerial,Husband,White,Male,99999,0,50,United-States
47,Private,216299,Prof-school,15,Married-civ-spouse,Exec-managerial,Husband,White,Male,0,0,45,United-States
43,State-gov,258896,Masters,14,Never-married,Prof-specialty,Not-in-family,White,Male,0,0,45,United-States
42,Private,259864,Doctorate,16,Married-civ-spouse,Prof-specialty,Husband,White,Male,0,1902,50,United-States
30,Private,136279,Masters,14,Never-married,Adm-clerical,Not-in-family,White,Female,0,0,40,France
55,Private,181748,Prof-school,15,Married-civ-spouse,Exec-managerial,Husband,White,Male,99999,0,40,United-States
30,Private,186204,Prof-school,15,Married-civ-spouse,Prof-specialty,Wife,White,Female,0,0,45,United-States
29,Private,156195,Masters,14,Never-married,Exec-managerial,Not-in-family,Asian-Pac-Islander,Male,0,0,60,United-States
43,Private,150419,Masters,14,Divorced,Exec-managerial,Not-in-family,White,Female,0,0,50,United-States
48,Private,182105,Prof-school,15,Divorced,Sales,Not-in-family,White,Male,0,0,13,United-States
41,Private,135564,Masters,14,Married-civ-spouse,Prof-specialty,Wife,White,Female,0,0,45,England
51,Private,152669,Masters,14,Married-civ-spouse,Exec-managerial,Husband,White,Male,0,0,50,United-States
39,Private,171080,Masters,14,Married-civ-spouse,Exec-managerial,Husband,White,Male,0,0,50,United-States
63,Self-emp-not-inc,210087,Prof-school,15,Married-civ-spouse,Prof-specialty,Husband,White,Male,0,0,30,United-States
44,Private,203104,Masters,14,Married-civ-spouse,Exec-managerial,Husband,White,Male,0,0,40,United-States
34,Private,144014,Masters,14,Married-civ-spouse,Exec-managerial,Husband,White,Male,0,0,40,United-States
38,Private,161724,Masters,14,Married-civ-spouse,Prof-specialty,Husband,White,Male,99999,0,65,United-States
41,State-gov,130548,Masters,14,Married-civ-spouse,Prof-specialty,Husband,White,Male,0,0,75,United-States
56,Local-gov,225422,Masters,14,Married-civ-spouse,Exec-managerial,Husband,Black,Male,0,0,40,United-States
41,Private,161506,Masters,14,Never-married,Exec-managerial,Not-in-family,White,Male,27828,0,50,United-States
61,Private,181832,Masters,14,Married-civ-spouse,Prof-specialty,Husband,Asian-Pac-Islander,Male,0,0,45,India
56,Federal-gov,122567,Masters,14,Married-civ-spouse,Exec-managerial,Husband,White,Male,0,0,40,Portugal
38,State-gov,142742,Masters,14,Never-married,Prof-specialty,Other-relative,White,Female,0,0,40,United-States
38,Private,67944,Masters,14,Married-civ-spouse,Prof-specialty,Husband,White,Male,0,0,40,United-States
61,Local-gov,124464,Masters,14,Divorced,Prof-specialty,Not-in-family,White,Female,0,0,70,United-States
48,Private,209828,Masters,14,Married-civ-spouse,Exec-managerial,Husband,White,Male,15024,0,40,United-States
46,Self-emp-not-inc,207244,Prof-school,15,Married-civ-spouse,Prof-specialty,Husband,White,Male,0,0,45,United-States
37,Private,132311,Masters,14,Never-married,Exec-managerial,Not-in-family,Black,Female,0,0,40,United-States
54,Self-emp-not-inc,145599,Masters,14,Divorced,Prof-specialty,Not-in-family,White,Female,0,0,30,United-States
41,Private,199472,Prof-school,15,Divorced,Prof-specialty,Unmarried,White,Female,0,0,38,United-States
23,Private,123958,Masters,14,Never-married,Prof-specialty,Not-in-family,White,Female,0,0,30,United-States
48,Self-emp-not-inc,243346,Prof-school,15,Married-civ-spouse,Prof-specialty,Husband,White,Male,0,0,35,United-States
56,Private,193016,Masters,14,Married-civ-spouse,Exec-managerial,Husband,White,Male,0,0,40,United-States
26,Private,130915,Masters,14,Never-married,Prof-specialty,Not-in-family,White,Female,0,0,40,United-States
54,Private,372990,Doctorate,16,Married-civ-spouse,Exec-managerial,Husband,White,Male,0,1977,43,United-States
46,Federal-gov,198390,Prof-school,15,Separated,Prof-specialty,Unmarried,White,Female,0,0,40,Germany
60,Private,255869,Prof-school,15,Married-civ-spouse,Prof-specialty,Husband,White,Male,0,0,70,Germany
47,Private,150733,Masters,14,Separated,Tech-support,Not-in-family,White,Male,27828,0,40,United-States
55,Private,275892,Prof-school,15,Married-civ-spouse,Exec-managerial,Husband,White,Male,0,0,60,United-States
47,Private,192436,Masters,14,Married-civ-spouse,Prof-specialty,Husband,White,Male,0,0,40,United-States
54,Private,20000,Masters,14,Married-civ-spouse,Exec-managerial,Husband,White,Male,0,0,52,United-States
62,Self-emp-inc,74770,Masters,14,Married-civ-spouse,Prof-specialty,Husband,Asian-Pac-Islander,Male,0,0,40,South
55,Private,125014,Masters,14,Never-married,Prof-specialty,Other-relative,Asian-Pac-Islander,Female,0,0,40,Thailand
28,Private,199818,Prof-school,15,Never-married,Prof-specialty,Not-in-family,White,Female,0,0,50,United-States
68,Private,211009,Masters,14,Married-civ-spouse,Exec-managerial,Husband,White,Male,0,2392,40,United-States
30,Private,65266,Masters,14,Married-civ-spouse,Other-service,Husband,White,Male,0,0,15,United-States
53,Private,139474,Masters,14,Married-civ-spouse,Exec-managerial,Wife,White,Female,0,0,50,United-States
49,Private,234587,Masters,14,Divorced,Sales,Not-in-family,White,Male,4787,0,45,United-States
43,Private,126258,Masters,14,Never-married,Exec-managerial,Not-in-family,White,Female,0,0,45,United-States
42,Self-emp-not-inc,177223,Masters,14,Married-civ-spouse,Exec-managerial,Husband,White,Male,0,0,50,United-States
46,Local-gov,191532,Masters,14,Married-civ-spouse,Prof-specialty,Husband,White,Male,0,0,40,United-States
41,Private,137763,Masters,14,Married-civ-spouse,Exec-managerial,Wife,White,Female,0,0,40,United-States
33,State-gov,325667,Doctorate,16,Married-civ-spouse,Prof-specialty,Husband,White,Male,0,0,50,United-States
41,Self-emp-not-inc,175830,Prof-school,15,Married-civ-spouse,Exec-managerial,Husband,White,Male,15024,0,40,United-States
31,Private,211562,Prof-school,15,Divorced,Tech-support,Not-in-family,White,Female,0,0,35,United-States
36,Private,133189,Masters,14,Married-civ-spouse,Prof-specialty,Husband,White,Male,7298,0,55,United-States
54,Private,148739,Masters,14,Divorced,Tech-support,Not-in-family,White,Male,0,0,40,United-States
67,Local-gov,273929,Doctorate,16,Never-married,Prof-specialty,Not-in-family,White,Female,7896,0,50,United-States
62,Local-gov,122771,Masters,14,Married-civ-spouse,Prof-specialty,Wife,White,Female,0,0,40,United-States
49,State-gov,264767,Doctorate,16,Never-married,Exec-managerial,Not-in-family,White,Female,0,2258,50,United-States
79,Federal-gov,340791,Doctorate,16,Widowed,Exec-managerial,Not-in-family,White,Male,0,0,6,United-States
32,Private,263051,Masters,14,Married-civ-spouse,Exec-managerial,Husband,White,Male,0,0,55,United-States
40,Private,268488,Prof-school,15,Married-civ-spouse,Prof-specialty,Husband,White,Male,15024,0,55,Germany
29,Self-emp-not-inc,225998,Masters,14,Married-civ-spouse,Craft-repair,Husband,White,Male,0,0,30,United-States
39,Private,289944,Doctorate,16,Married-civ-spouse,Prof-specialty,Husband,White,Male,0,0,50,United-States
47,Local-gov,283649,Doctorate,16,Never-married,Prof-specialty,Unmarried,White,Female,0,0,40,United-States
51,Self-emp-not-inc,211151,Prof-school,15,Married-civ-spouse,Prof-specialty,Husband,Other,Male,99999,0,70,India
64,Private,289075,Doctorate,16,Married-civ-spouse,Prof-specialty,Husband,White,Male,0,0,60,United-States
44,Private,291822,Doctorate,16,Married-civ-spouse,Exec-managerial,Husband,White,Male,0,0,60,United-States
44,Local-gov,237429,Masters,14,Married-civ-spouse,Prof-specialty,Husband,White,Male,15024,0,35,United-States
36,Private,189469,Masters,14,Married-civ-spouse,Sales,Husband,White,Male,7688,0,50,United-States
54,Private,267597,Masters,14,Married-civ-spouse,Other-service,Husband,White,Male,0,0,40,United-States
42,Self-emp-inc,211034,Prof-school,15,Married-civ-spouse,Prof-specialty,Husband,White,Male,0,0,60,Cuba
38,Self-emp-not-inc,118387,Masters,14,Married-civ-spouse,Prof-specialty,Husband,Black,Male,99999,0,60,United-States
28,Private,163398,Masters,14,Married-civ-spouse,Prof-specialty,Husband,White,Male,0,0,40,United-States
57,Self-emp-inc,227608,Prof-school,15,Married-civ-spouse,Prof-specialty,Husband,White,Male,15024,0,60,United-States
47,Private,130333,Masters,14,Divorced,Prof-specialty,Not-in-family,White,Female,0,0,40,United-States
47,Private,138219,Masters,14,Divorced,Prof-specialty,Unmarried,White,Female,0,0,40,United-States
65,Self-emp-inc,308368,Doctorate,16,Married-civ-spouse,Exec-managerial,Husband,White,Male,99999,0,40,United-States
46,Private,186309,Masters,14,Married-civ-spouse,Prof-specialty,Husband,White,Male,0,1977,50,United-States
36,Private,110650,Preschool,1,Never-married,Machine-op-inspct,Not-in-family,Black,Male,0,0,40,Puerto-Rico
41,Self-emp-not-inc,133181,Masters,14,Never-married,Exec-managerial,Not-in-family,White,Female,0,0,55,United-States
42,Private,238876,Masters,14,Married-civ-spouse,Prof-specialty,Husband,Asian-Pac-Islander,Male,0,1902,55,India
53,Private,181170,Masters,14,Married-civ-spouse,Prof-specialty,Husband,Asian-Pac-Islander,Male,4386,0,40,India
57,Private,322313,Doctorate,16,Married-civ-spouse,Prof-specialty,Husband,Asian-Pac-Islander,Male,0,0,40,Taiwan
39,Federal-gov,274135,Prof-school,15,Married-civ-spouse,Prof-specialty,Husband,White,Male,0,1887,50,United-States
46,Local-gov,165184,Masters,14,Married-civ-spouse,Exec-managerial,Husband,White,Male,0,0,50,United-States
38,Private,277486,Prof-school,15,Never-married,Exec-managerial,Not-in-family,White,Male,0,0,40,United-States
26,Local-gov,146181,Masters,14,Never-married,Prof-specialty,Not-in-family,White,Female,0,0,40,Canada
47,Private,89100,Masters,14,Married-civ-spouse,Exec-managerial,Husband,White,Male,0,0,50,United-States
28,Private,123506,Masters,14,Never-married,Exec-managerial,Not-in-family,Black,Female,0,0,45,United-States
34,Private,262927,Masters,14,Married-civ-spouse,Prof-specialty,Husband,Asian-Pac-Islander,Male,0,0,43,India
51,Private,122503,Masters,14,Married-civ-spouse,Prof-specialty,Husband,White,Male,0,0,38,Canada
63,Private,173278,Masters,14,Married-civ-spouse,Handlers-cleaners,Husband,White,Male,0,0,46,United-States
43,Federal-gov,177946,Masters,14,Married-civ-spouse,Craft-repair,Husband,White,Male,0,0,40,United-States
45,Self-emp-not-inc,216663,Prof-school,15,Married-civ-spouse,Prof-specialty,Husband,Asian-Pac-Islander,Male,0,0,50,India
50,Self-emp-not-inc,266277,Prof-school,15,Married-civ-spouse,Prof-specialty,Husband,White,Male,0,2415,30,United-States
29,Private,177345,Prof-school,15,Never-married,Prof-specialty,Not-in-family,Asian-Pac-Islander,Male,0,0,55,United-States
57,Private,274800,Doctorate,16,Married-civ-spouse,Tech-support,Husband,White,Male,0,1977,40,Germany
32,Private,133854,Masters,14,Never-married,Adm-clerical,Not-in-family,Black,Female,0,0,40,United-States
48,Private,159226,Masters,14,Married-civ-spouse,Exec-managerial,Husband,White,Male,0,0,40,United-States
54,Local-gov,145627,Masters,14,Divorced,Prof-specialty,Not-in-family,White,Female,0,0,40,United-States
36,Private,129748,Masters,14,Married-civ-spouse,Prof-specialty,Wife,White,Female,0,1977,44,United-States
71,Private,143032,Masters,14,Divorced,Prof-specialty,Not-in-family,White,Female,0,0,15,Germany
48,Private,201861,Masters,14,Married-civ-spouse,Prof-specialty,Husband,White,Male,0,0,40,United-States
37,Private,187026,Masters,14,Married-civ-spouse,Exec-managerial,Husband,White,Male,0,0,40,United-States
70,Self-emp-inc,261893,Prof-school,15,Married-civ-spouse,Prof-specialty,Husband,White,Male,0,0,35,United-States
34,State-gov,301934,Masters,14,Married-civ-spouse,Machine-op-inspct,Husband,White,Male,0,1848,40,United-States
48,Private,162628,Masters,14,Married-civ-spouse,Exec-managerial,Husband,White,Male,0,0,50,United-States
65,Private,285178,Doctorate,16,Widowed,Prof-specialty,Not-in-family,White,Female,0,0,40,United-States
51,Private,145259,Masters,14,Married-civ-spouse,Prof-specialty,Husband,Asian-Pac-Islander,Male,5013,0,40,India
39,Private,259236,Doctorate,16,Never-married,Prof-specialty,Not-in-family,White,Male,0,0,45,United-States
30,Self-emp-not-inc,146051,Masters,14,Divorced,Prof-specialty,Not-in-family,Asian-Pac-Islander,Male,0,0,50,India
45,Local-gov,88753,Masters,14,Married-civ-spouse,Adm-clerical,Husband,White,Male,0,0,35,United-States
44,Private,165646,Prof-school,15,Married-civ-spouse,Exec-managerial,Husband,White,Male,0,0,55,United-States
45,Private,319090,Doctorate,16,Married-civ-spouse,Prof-specialty,Husband,White,Male,0,0,40,Poland
61,Private,172415,Masters,14,Married-civ-spouse,Exec-managerial,Husband,White,Male,0,0,60,United-States
31,Local-gov,243645,Masters,14,Married-civ-spouse,Prof-specialty,Husband,White,Male,0,0,45,United-States
38,State-gov,126620,Masters,14,Divorced,Adm-clerical,Not-in-family,White,Female,0,0,40,United-States
35,Private,170817,Masters,14,Married-civ-spouse,Sales,Husband,White,Male,0,0,40,United-States
59,Local-gov,135168,Masters,14,Divorced,Prof-specialty,Unmarried,White,Female,8614,0,60,United-States
45,Local-gov,120475,Masters,14,Married-civ-spouse,Prof-specialty,Husband,White,Male,0,0,50,United-States
56,Private,209659,Masters,14,Married-civ-spouse,Prof-specialty,Husband,White,Male,0,0,40,United-States
33,Private,117557,Masters,14,Married-civ-spouse,Exec-managerial,Wife,White,Female,0,0,50,United-States
31,Private,216299,Prof-school,15,Married-civ-spouse,Prof-specialty,Wife,White,Female,0,0,60,United-States
45,Self-emp-inc,334920,Doctorate,16,Married-civ-spouse,Prof-specialty,Husband,White,Male,0,0,60,United-States
54,Private,128509,Masters,14,Married-civ-spouse,Exec-managerial,Husband,Asian-Pac-Islander,Male,0,0,45,United-States
75,Private,181494,Masters,14,Never-married,Protective-serv,Not-in-family,White,Male,0,0,16,United-States
41,Private,135120,Masters,14,Divorced,Exec-managerial,Unmarried,Black,Female,0,0,60,United-States
38,Private,172775,Masters,14,Married-civ-spouse,Exec-managerial,Husband,White,Male,0,0,60,Cuba
47,State-gov,476118,Doctorate,16,Married-civ-spouse,Prof-specialty,Husband,White,Male,0,0,40,United-States
59,Private,198640,Masters,14,Married-civ-spouse,Exec-managerial,Husband,Asian-Pac-Islander,Male,0,0,40,United-States
33,Private,165873,Masters,14,Married-civ-spouse,Prof-specialty,Husband,White,Male,0,0,45,United-States
39,Private,125569,Masters,14,Never-married,Prof-specialty,Own-child,White,Female,0,0,40,United-States
58,Private,346307,Doctorate,16,Married-civ-spouse,Prof-specialty,Husband,White,Male,0,0,50,United-States
29,Private,204861,Masters,14,Never-married,Prof-specialty,Not-in-family,White,Male,0,0,55,Scotland
31,Self-emp-not-inc,253114,Doctorate,16,Married-civ-spouse,Prof-specialty,Husband,White,Male,0,0,40,United-States
25,Private,202917,Masters,14,Never-married,Prof-specialty,Own-child,White,Male,0,0,35,United-States
37,Federal-gov,144560,Masters,14,Divorced,Prof-specialty,Not-in-family,White,Female,0,0,40,United-States
40,Private,142328,Masters,14,Divorced,Prof-specialty,Not-in-family,White,Male,0,0,20,United-States
40,State-gov,255073,Prof-school,15,Married-civ-spouse,Prof-specialty,Husband,White,Male,0,0,72,United-States
33,Private,251689,Prof-school,15,Married-civ-spouse,Prof-specialty,Husband,White,Male,0,1977,50,United-States
52,Local-gov,210828,Masters,14,Married-civ-spouse,Prof-specialty,Husband,White,Male,0,0,40,United-States
35,Private,137841,Masters,14,Never-married,Exec-managerial,Not-in-family,White,Female,0,0,55,United-States
51,Local-gov,136259,Masters,14,Divorced,Exec-managerial,Not-in-family,White,Female,0,0,40,United-States
43,Private,145972,Prof-school,15,Married-civ-spouse,Prof-specialty,Husband,White,Male,15024,0,60,United-States
27,Private,128126,Masters,14,Never-married,Exec-managerial,Own-child,White,Female,0,0,40,United-States
45,State-gov,117428,Masters,14,Never-married,Adm-clerical,Not-in-family,Black,Male,0,0,38,United-States
60,Private,289744,Prof-school,15,Married-civ-spouse,Exec-managerial,Husband,White,Male,0,0,40,United-States
50,Self-emp-inc,189800,Masters,14,Married-civ-spouse,Sales,Husband,White,Male,0,0,40,United-States
46,Self-emp-inc,259687,Prof-school,15,Married-civ-spouse,Prof-specialty,Husband,White,Male,15024,0,60,United-States
41,Private,128782,Masters,14,Divorced,Exec-managerial,Unmarried,White,Female,0,0,40,United-States
64,Private,242511,Prof-school,15,Married-civ-spouse,Exec-managerial,Husband,White,Male,0,0,60,United-States
45,Self-emp-inc,279263,Prof-school,15,Never-married,Craft-repair,Not-in-family,White,Male,0,0,50,United-States
45,Self-emp-inc,265432,Prof-school,15,Married-civ-spouse,Prof-specialty,Husband,White,Male,0,0,55,United-States
37,Self-emp-not-inc,286273,Prof-school,15,Married-civ-spouse,Prof-specialty,Husband,White,Male,0,0,50,United-States
28,State-gov,204030,Masters,14,Married-civ-spouse,Exec-managerial,Husband,Black,Male,0,0,40,Jamaica
74,Private,133486,Masters,14,Divorced,Sales,Not-in-family,White,Female,0,0,10,United-States
34,Private,130739,Masters,14,Never-married,Exec-managerial,Not-in-family,White,Female,0,0,50,United-States
43,State-gov,274798,Doctorate,16,Never-married,Prof-specialty,Not-in-family,White,Female,0,0,40,United-States
46,Local-gov,143206,Masters,14,Divorced,Prof-specialty,Not-in-family,Amer-Indian-Eskimo,Male,0,0,40,United-States
53,Private,132607,Masters,14,Married-civ-spouse,Adm-clerical,Wife,White,Female,0,0,40,United-States
29,Private,280430,Doctorate,16,Divorced,Prof-specialty,Not-in-family,White,Female,0,0,60,United-States
41,Self-emp-inc,190647,Prof-school,15,Married-civ-spouse,Exec-managerial,Wife,White,Female,0,2415,55,United-States
33,State-gov,223684,Masters,14,Never-married,Prof-specialty,Not-in-family,White,Male,0,0,30,United-States
51,Private,274863,Masters,14,Divorced,Protective-serv,Unmarried,White,Male,0,0,40,United-States
31,Private,139512,Prof-school,15,Married-civ-spouse,Tech-support,Husband,Asian-Pac-Islander,Male,0,0,40,India
33,Local-gov,135076,Masters,14,Never-married,Prof-specialty,Not-in-family,White,Female,0,0,50,United-States
49,Private,230259,Masters,14,Married-civ-spouse,Exec-managerial,Husband,White,Male,15024,0,50,United-States
47,Private,147311,Masters,14,Divorced,Tech-support,Not-in-family,White,Male,0,0,40,United-States
49,Local-gov,114328,Masters,14,Married-civ-spouse,Adm-clerical,Husband,White,Male,0,0,40,Italy
33,Self-emp-not-inc,245481,Prof-school,15,Married-civ-spouse,Prof-specialty,Husband,White,Male,0,1887,40,United-States
44,Private,117054,Masters,14,Never-married,Exec-managerial,Not-in-family,White,Male,14084,0,56,United-States
50,Private,238092,Masters,14,Married-civ-spouse,Prof-specialty,Husband,White,Male,7688,0,50,United-States
66,State-gov,234157,Prof-school,15,Married-civ-spouse,Exec-managerial,Husband,Black,Male,20051,0,55,United-States
41,Private,193964,Prof-school,15,Married-civ-spouse,Exec-managerial,Husband,White,Male,0,0,40,United-States
38,Private,131852,Masters,14,Never-married,Exec-managerial,Unmarried,Black,Female,0,0,35,United-States
26,Private,183649,Masters,14,Never-married,Prof-specialty,Not-in-family,White,Male,0,0,55,United-States
38,Private,232795,Prof-school,15,Married-civ-spouse,Prof-specialty,Husband,White,Male,99999,0,60,United-States
38,Private,198437,Prof-school,15,Married-civ-spouse,Sales,Wife,White,Female,0,0,40,United-States
52,Local-gov,185616,Masters,14,Married-civ-spouse,Prof-specialty,Husband,White,Male,0,0,40,United-States
33,Private,123561,Masters,14,Never-married,Exec-managerial,Unmarried,White,Male,0,0,40,United-States
47,Private,130532,Masters,14,Married-civ-spouse,Prof-specialty,Wife,White,Female,0,0,2,United-States
43,Self-emp-not-inc,213211,Prof-school,15,Married-civ-spouse,Prof-specialty,Husband,Other,Male,0,0,35,United-States
27,Private,238892,Masters,14,Married-civ-spouse,Exec-managerial,Husband,White,Male,0,0,45,United-States
49,Local-gov,139973,Masters,14,Divorced,Exec-managerial,Not-in-family,White,Female,0,0,40,United-States
40,Private,277928,Doctorate,16,Married-civ-spouse,Prof-specialty,Wife,White,Female,0,0,30,United-States
51,Private,195599,Masters,14,Never-married,Prof-specialty,Not-in-family,White,Male,27828,0,40,United-States
38,Private,164224,Masters,14,Married-civ-spouse,Exec-managerial,Husband,White,Male,0,0,65,United-States
50,Local-gov,218619,Masters,14,Married-civ-spouse,Exec-managerial,Husband,Black,Male,0,0,45,United-States
55,Local-gov,134390,Masters,14,Married-civ-spouse,Prof-specialty,Wife,White,Female,0,2267,40,United-States
47,Self-emp-not-inc,299196,Doctorate,16,Married-civ-spouse,Transport-moving,Husband,White,Male,0,2002,45,United-States
62,Private,299393,Doctorate,16,Married-civ-spouse,Prof-specialty,Husband,White,Male,15024,0,50,United-States
69,Private,276435,Prof-school,15,Married-civ-spouse,Prof-specialty,Husband,White,Male,0,0,3,United-States
55,Private,213081,Masters,14,Married-civ-spouse,Exec-managerial,Husband,White,Male,0,1977,60,United-States
36,Private,191869,Masters,14,Never-married,Prof-specialty,Own-child,White,Male,0,0,40,United-States
45,Local-gov,132201,Masters,14,Married-civ-spouse,Prof-specialty,Husband,White,Male,0,0,37,United-States
31,State-gov,100828,Masters,14,Never-married,Tech-support,Not-in-family,White,Male,0,0,40,United-States
44,Private,151723,Masters,14,Married-civ-spouse,Adm-clerical,Husband,White,Male,0,0,40,United-States
30,Private,210589,Masters,14,Never-married,Tech-support,Unmarried,White,Male,0,0,45,Nicaragua
43,State-gov,120032,Masters,14,Married-civ-spouse,Prof-specialty,Husband,White,Male,0,1887,45,United-States
51,Private,265883,Doctorate,16,Married-civ-spouse,Exec-managerial,Husband,White,Male,15024,0,84,United-States
56,Federal-gov,124174,Masters,14,Divorced,Adm-clerical,Unmarried,White,Female,0,0,40,United-States
42,Private,203477,Prof-school,15,Divorced,Prof-specialty,Not-in-family,White,Female,0,0,39,United-States
38,Local-gov,106082,Masters,14,Divorced,Prof-specialty,Not-in-family,Black,Male,0,0,40,Jamaica
36,Private,216154,Masters,14,Married-civ-spouse,Sales,Husband,White,Male,0,1977,50,United-States
32,Private,228225,Masters,14,Never-married,Exec-managerial,Not-in-family,White,Male,14084,0,40,United-States
45,Private,166375,Masters,14,Married-civ-spouse,Tech-support,Husband,White,Male,0,0,18,United-States
41,Private,144880,Masters,14,Divorced,Exec-managerial,Unmarried,White,Female,0,0,45,United-States
57,Private,145094,Masters,14,Married-civ-spouse,Prof-specialty,Husband,White,Male,0,0,60,United-States
41,Federal-gov,161140,Prof-school,15,Married-civ-spouse,Prof-specialty,Husband,White,Male,0,0,50,India
30,Private,196569,Masters,14,Never-married,Prof-specialty,Not-in-family,White,Male,10520,0,40,United-States
48,Private,308551,Doctorate,16,Married-civ-spouse,Prof-specialty,Husband,Asian-Pac-Islander,Male,0,0,40,India
56,Private,137717,Masters,14,Married-civ-spouse,Exec-managerial,Wife,White,Female,0,0,50,United-States
32,Private,275756,Prof-school,15,Never-married,Prof-specialty,Not-in-family,White,Male,0,0,40,United-States
38,Private,251458,Prof-school,15,Married-civ-spouse,Prof-specialty,Husband,White,Male,0,2415,90,United-States
59,Local-gov,139263,Masters,14,Widowed,Prof-specialty,Unmarried,White,Female,4787,0,60,United-States
64,Local-gov,215658,Masters,14,Married-civ-spouse,Prof-specialty,Husband,White,Male,0,0,25,United-States
44,Private,223806,Masters,14,Married-civ-spouse,Prof-specialty,Husband,White,Male,0,0,40,United-States
50,Self-emp-inc,254392,Prof-school,15,Married-civ-spouse,Prof-specialty,Husband,White,Male,99999,0,55,United-States
49,Local-gov,204673,Prof-school,15,Married-civ-spouse,Prof-specialty,Wife,White,Female,0,1977,60,United-States
51,Private,221158,Masters,14,Married-civ-spouse,Prof-specialty,Husband,White,Male,7688,0,45,United-States
43,Private,252249,Masters,14,Married-civ-spouse,Exec-managerial,Husband,White,Male,0,0,45,United-States
32,Self-emp-not-inc,65293,Masters,14,Never-married,Prof-specialty,Not-in-family,White,Male,0,0,40,United-States
59,Private,180709,Masters,14,Married-civ-spouse,Prof-specialty,Husband,White,Male,0,0,50,United-States
41,State-gov,130492,Masters,14,Divorced,Prof-specialty,Not-in-family,White,Male,0,0,35,United-States
31,Private,286474,Prof-school,15,Never-married,Tech-support,Not-in-family,White,Male,0,0,55,United-States
33,State-gov,331243,Doctorate,16,Married-civ-spouse,Prof-specialty,Husband,Asian-Pac-Islander,Male,0,0,50,Hong
42,State-gov,104173,Masters,14,Divorced,Prof-specialty,Not-in-family,White,Male,0,0,40,United-States
41,Local-gov,130014,Masters,14,Married-civ-spouse,Prof-specialty,Husband,White,Male,0,0,38,United-States
38,Private,245405,Masters,14,Married-civ-spouse,Prof-specialty,Husband,White,Male,0,0,50,United-States
55,Local-gov,201633,Masters,14,Married-civ-spouse,Prof-specialty,Husband,Black,Male,0,0,40,United-States
37,Local-gov,148887,Masters,14,Married-civ-spouse,Prof-specialty,Wife,White,Female,0,0,45,United-States
48,Private,109636,Masters,14,Married-civ-spouse,Prof-specialty,Husband,White,Male,0,0,45,United-States
56,Self-emp-inc,256806,Prof-school,15,Married-civ-spouse,Prof-specialty,Husband,White,Male,0,0,32,United-States
25,Private,83836,Masters,14,Never-married,Prof-specialty,Not-in-family,White,Male,0,0,30,United-States
46,Private,316751,Doctorate,16,Married-civ-spouse,Prof-specialty,Husband,White,Male,0,0,60,United-States
43,Federal-gov,137605,Masters,14,Married-civ-spouse,Handlers-cleaners,Husband,White,Male,5013,0,12,United-States
49,Private,144088,Masters,14,Married-civ-spouse,Prof-specialty,Husband,White,Male,0,0,40,United-States
57,Private,142508,Masters,14,Divorced,Prof-specialty,Not-in-family,White,Male,0,0,30,United-States
29,Private,114081,Masters,14,Married-civ-spouse,Sales,Husband,White,Male,0,0,20,United-States
45,Private,293799,Doctorate,16,Divorced,Prof-specialty,Unmarried,Black,Female,0,3004,35,United-States
43,Self-emp-not-inc,135658,Masters,14,Divorced,Other-service,Unmarried,White,Female,0,0,30,United-States
36,Private,324084,Doctorate,16,Married-civ-spouse,Prof-specialty,Husband,White,Male,0,0,60,United-States
47,Private,197334,Masters,14,Married-civ-spouse,Exec-managerial,Husband,White,Male,0,0,40,United-States
42,Local-gov,120279,Masters,14,Never-married,Prof-specialty,Unmarried,White,Female,0,0,40,United-States
60,Private,217120,Prof-school,15,Married-civ-spouse,Exec-managerial,Husband,White,Male,0,1902,40,United-States
25,State-gov,142179,Masters,14,Never-married,Prof-specialty,Not-in-family,White,Female,0,0,37,United-States
45,Private,93523,Masters,14,Married-civ-spouse,Exec-managerial,Husband,White,Male,0,0,65,United-States
43,Private,139260,Masters,14,Widowed,Exec-managerial,Unmarried,White,Male,4934,0,40,United-States
44,Local-gov,294317,Doctorate,16,Married-civ-spouse,Prof-specialty,Husband,White,Male,0,0,36,United-States
41,Private,297147,Prof-school,15,Married-civ-spouse,Prof-specialty,Husband,White,Male,0,1977,50,United-States
39,Private,169192,Masters,14,Married-civ-spouse,Exec-managerial,Husband,White,Male,0,1848,45,United-States
39,Private,211132,Masters,14,Married-civ-spouse,Exec-managerial,Husband,White,Male,7688,0,65,United-States
31,Private,214337,Prof-school,15,Never-married,Prof-specialty,Not-in-family,White,Female,0,0,99,United-States
53,Private,131874,Masters,14,Married-civ-spouse,Exec-managerial,Husband,White,Male,0,1902,50,United-States
29,Self-emp-inc,238129,Prof-school,15,Married-civ-spouse,Prof-specialty,Husband,White,Male,0,0,55,United-States
67,Self-emp-not-inc,278713,Prof-school,15,Married-civ-spouse,Prof-specialty,Husband,White,Male,20051,0,25,United-States
61,Local-gov,126100,Masters,14,Never-married,Prof-specialty,Unmarried,White,Female,0,0,25,United-States
36,State-gov,207529,Prof-school,15,Married-civ-spouse,Prof-specialty,Wife,White,Female,15024,0,50,United-States
43,Local-gov,119982,Masters,14,Divorced,Prof-specialty,Unmarried,White,Female,914,0,40,United-States
30,Private,267386,Prof-school,15,Never-married,Prof-specialty,Not-in-family,White,Male,0,1590,80,United-States
40,Private,140814,Masters,14,Never-married,Prof-specialty,Not-in-family,White,Male,0,0,35,United-States
31,Local-gov,174792,Masters,14,Never-married,Exec-managerial,Not-in-family,White,Male,0,0,45,United-States
55,Self-emp-not-inc,108264,Masters,14,Married-civ-spouse,Sales,Husband,White,Male,2228,0,50,United-States
67,Private,230230,Masters,14,Married-civ-spouse,Sales,Husband,White,Male,0,0,30,United-States
26,Private,92188,Masters,14,Never-married,Prof-specialty,Not-in-family,Asian-Pac-Islander,Male,0,0,20,India
57,Federal-gov,196879,Prof-school,15,Divorced,Prof-specialty,Not-in-family,White,Female,0,0,50,United-States
38,Private,221172,Masters,14,Married-civ-spouse,Exec-managerial,Husband,White,Male,99999,0,70,United-States
61,State-gov,233652,Doctorate,16,Married-civ-spouse,Prof-specialty,Husband,White,Male,0,1902,40,United-States
49,Private,218525,Masters,14,Married-civ-spouse,Exec-managerial,Husband,White,Male,0,0,65,United-States
33,Private,137098,Masters,14,Never-married,Prof-specialty,Not-in-family,White,Female,0,0,40,United-States
40,Private,242321,Doctorate,16,Married-civ-spouse,Prof-specialty,Husband,Asian-Pac-Islander,Male,0,1977,45,Hong
40,Self-emp-inc,166473,Masters,14,Never-married,Other-service,Own-child,White,Male,0,0,99,United-States
29,Private,157337,Masters,14,Never-married,Sales,Not-in-family,White,Male,0,0,50,United-States
50,Private,167870,Masters,14,Divorced,Exec-managerial,Not-in-family,White,Male,0,0,62,United-States
35,Self-emp-not-inc,191723,Masters,14,Married-civ-spouse,Sales,Husband,White,Male,0,0,40,United-States
34,State-gov,271435,Doctorate,16,Never-married,Prof-specialty,Not-in-family,White,Female,0,0,60,United-States
20,Private,132337,Masters,14,Never-married,Exec-managerial,Own-child,White,Male,0,0,25,United-States
44,Private,154814,Masters,14,Separated,Exec-managerial,Unmarried,White,Female,0,0,20,United-States
55,Local-gov,147935,Masters,14,Divorced,Prof-specialty,Unmarried,White,Female,0,0,45,United-States
42,Private,185146,Masters,14,Never-married,Exec-managerial,Not-in-family,White,Male,0,0,40,United-States
26,Private,166551,Masters,14,Married-civ-spouse,Prof-specialty,Husband,White,Male,0,0,20,United-States
50,Self-emp-inc,203066,Masters,14,Married-civ-spouse,Sales,Husband,White,Male,0,0,55,United-States
46,Self-emp-not-inc,209882,Masters,14,Married-civ-spouse,Exec-managerial,Husband,White,Male,0,0,50,United-States
45,State-gov,222014,Masters,14,Married-civ-spouse,Prof-specialty,Husband,White,Male,0,0,40,United-States
59,Local-gov,156688,Masters,14,Married-civ-spouse,Prof-specialty,Husband,White,Male,0,0,40,United-States
62,Local-gov,139146,Masters,14,Divorced,Prof-specialty,Not-in-family,White,Female,10520,0,33,United-States
51,State-gov,225607,Masters,14,Married-civ-spouse,Exec-managerial,Husband,White,Male,0,0,40,United-States
40,Local-gov,143483,Masters,14,Married-civ-spouse,Prof-specialty,Wife,White,Female,0,0,40,United-States
48,State-gov,183123,Masters,14,Separated,Prof-specialty,Not-in-family,White,Male,0,0,60,United-States
40,Federal-gov,283505,Prof-school,15,Married-civ-spouse,Prof-specialty,Husband,White,Male,7688,0,40,United-States
53,Local-gov,126522,Masters,14,Widowed,Prof-specialty,Unmarried,Black,Female,0,1669,35,United-States
25,Private,204283,Prof-school,15,Never-married,Prof-specialty,Not-in-family,White,Female,0,0,20,United-States
45,Private,324413,Doctorate,16,Married-civ-spouse,Prof-specialty,Husband,Asian-Pac-Islander,Male,0,0,45,China
30,Private,144642,Masters,14,Married-civ-spouse,Exec-managerial,Husband,White,Male,0,0,45,United-States
51,Self-emp-inc,251055,Prof-school,15,Married-civ-spouse,Prof-specialty,Husband,White,Male,15024,0,60,United-States
50,Federal-gov,139752,Masters,14,Never-married,Exec-managerial,Not-in-family,White,Female,0,0,50,United-States
36,Private,195588,Prof-school,15,Married-civ-spouse,Prof-specialty,Husband,White,Male,0,0,50,United-States
45,Self-emp-inc,247445,Prof-school,15,Married-civ-spouse,Prof-specialty,Husband,White,Male,15024,0,43,United-States
43,Private,217254,Prof-school,15,Never-married,Prof-specialty,Not-in-family,White,Male,0,0,66,France
39,Local-gov,153781,Masters,14,Married-civ-spouse,Prof-specialty,Wife,White,Female,0,1977,20,United-States
60,Private,186269,Masters,14,Married-civ-spouse,Adm-clerical,Husband,Asian-Pac-Islander,Male,0,0,50,South
52,State-gov,129086,Masters,14,Married-spouse-absent,Exec-managerial,Unmarried,White,Female,4787,0,44,United-States
52,Local-gov,237817,Masters,14,Married-civ-spouse,Exec-managerial,Husband,White,Male,7298,0,60,United-States
28,Local-gov,273590,Doctorate,16,Divorced,Prof-specialty,Not-in-family,White,Female,0,0,40,United-States
38,Federal-gov,233016,Prof-school,15,Married-civ-spouse,Prof-specialty,Husband,White,Male,0,0,50,United-States
32,State-gov,104730,Masters,14,Married-civ-spouse,Prof-specialty,Husband,White,Male,0,0,50,United-States
58,Private,146546,Masters,14,Widowed,Sales,Not-in-family,White,Female,0,0,27,United-States
23,Private,219531,Masters,14,Married-civ-spouse,Prof-specialty,Husband,Asian-Pac-Islander,Male,0,1887,50,India
43,Local-gov,160660,Masters,14,Married-civ-spouse,Prof-specialty,Husband,White,Male,15024,0,40,United-States
40,Private,203892,Prof-school,15,Married-civ-spouse,Adm-clerical,Other-relative,Asian-Pac-Islander,Female,0,0,40,Philippines
50,Private,147029,Masters,14,Married-civ-spouse,Machine-op-inspct,Husband,White,Male,0,0,30,United-States
29,Private,223152,Prof-school,15,Married-civ-spouse,Prof-specialty,Husband,White,Male,0,0,50,United-States
41,Private,308528,Prof-school,15,Married-civ-spouse,Adm-clerical,Husband,Asian-Pac-Islander,Male,0,0,40,Philippines
44,Private,157330,Masters,14,Married-civ-spouse,Prof-specialty,Husband,White,Male,0,0,42,United-States
30,Private,134610,Masters,14,Married-civ-spouse,Prof-specialty,Husband,Asian-Pac-Islander,Male,0,0,40,United-States
39,Private,121388,Masters,14,Married-civ-spouse,Prof-specialty,Husband,White,Male,7688,0,45,United-States
53,Private,229830,Masters,14,Married-civ-spouse,Prof-specialty,Husband,White,Male,3103,0,40,United-States
55,Private,156552,Masters,14,Married-civ-spouse,Prof-specialty,Husband,White,Male,0,0,40,United-States
36,Private,132956,Masters,14,Married-civ-spouse,Prof-specialty,Wife,White,Female,0,0,50,United-States
55,Local-gov,134770,Masters,14,Married-civ-spouse,Prof-specialty,Wife,White,Female,3103,0,45,United-States
30,Private,50334,Masters,14,Married-civ-spouse,Exec-managerial,Husband,White,Male,0,0,50,United-States
41,Self-emp-not-inc,175402,Prof-school,15,Married-civ-spouse,Prof-specialty,Husband,White,Male,0,0,50,United-States
31,Private,280821,Doctorate,16,Married-civ-spouse,Prof-specialty,Husband,Asian-Pac-Islander,Male,0,0,40,China
57,Private,244115,Masters,14,Separated,Prof-specialty,Not-in-family,White,Male,10520,0,32,United-States
28,Local-gov,139659,Masters,14,Married-civ-spouse,Prof-specialty,Wife,White,Female,7298,0,40,United-States
57,Self-emp-not-inc,398921,Doctorate,16,Married-civ-spouse,Sales,Husband,White,Male,0,1902,40,United-States
46,Self-emp-not-inc,263660,Doctorate,16,Never-married,Prof-specialty,Not-in-family,White,Female,0,0,45,United-States
55,Self-emp-not-inc,208271,Prof-school,15,Widowed,Prof-specialty,Not-in-family,White,Male,0,0,55,United-States
59,Private,164435,Masters,14,Married-civ-spouse,Tech-support,Husband,White,Male,0,0,40,Iran
39,Private,162160,Masters,14,Married-civ-spouse,Prof-specialty,Husband,Asian-Pac-Islander,Male,0,0,40,Philippines
49,Local-gov,124855,Masters,14,Never-married,Prof-specialty,Not-in-family,White,Female,0,0,80,United-States
49,Private,430492,Doctorate,16,Married-civ-spouse,Sales,Husband,White,Male,0,0,60,United-States
45,Self-emp-not-inc,232912,Prof-school,15,Never-married,Prof-specialty,Not-in-family,White,Male,0,0,30,United-States
28,State-gov,226681,Prof-school,15,Never-married,Prof-specialty,Not-in-family,White,Male,0,0,90,United-States
54,Local-gov,103557,Masters,14,Married-civ-spouse,Prof-specialty,Husband,White,Male,0,0,50,United-States
41,State-gov,230303,Masters,14,Married-civ-spouse,Prof-specialty,Husband,White,Male,7298,0,60,United-States
50,Private,263599,Masters,14,Married-civ-spouse,Exec-managerial,Husband,White,Male,0,0,50,United-States
60,State-gov,363787,Doctorate,16,Married-civ-spouse,Prof-specialty,Husband,White,Male,0,0,55,United-States
40,Self-emp-not-inc,203995,Prof-school,15,Divorced,Other-service,Not-in-family,White,Female,0,2339,35,United-States
38,Local-gov,132011,Prof-school,15,Married-civ-spouse,Prof-specialty,Husband,Black,Male,0,0,40,United-States
46,Private,268131,Prof-school,15,Never-married,Exec-managerial,Not-in-family,White,Male,0,0,50,United-States
57,Federal-gov,266379,Prof-school,15,Divorced,Exec-managerial,Not-in-family,Black,Male,0,0,55,United-States
36,State-gov,212874,Prof-school,15,Never-married,Prof-specialty,Not-in-family,White,Male,0,0,40,United-States
58,Local-gov,133711,Masters,14,Married-civ-spouse,Prof-specialty,Husband,Black,Male,7688,0,30,United-States
31,State-gov,81921,Preschool,1,Never-married,Other-service,Not-in-family,White,Male,0,0,24,United-States
52,Self-emp-not-inc,224890,Prof-school,15,Married-civ-spouse,Prof-specialty,Husband,White,Male,0,0,70,United-States
48,Self-emp-not-inc,129131,Masters,14,Married-civ-spouse,Sales,Husband,White,Male,0,0,50,England
30,Private,246077,Masters,14,Married-civ-spouse,Exec-managerial,Husband,White,Male,15024,0,60,United-States
55,Private,269106,Doctorate,16,Married-civ-spouse,Prof-specialty,Husband,White,Male,0,0,40,United-States
43,Private,133214,Masters,14,Married-civ-spouse,Prof-specialty,Husband,White,Male,0,0,45,United-States
27,Private,269911,Prof-school,15,Never-married,Prof-specialty,Own-child,Asian-Pac-Islander,Male,0,0,40,United-States
47,Private,164158,Masters,14,Married-civ-spouse,Exec-managerial,Husband,White,Male,99999,0,55,United-States
33,Private,151028,Prof-school,15,Married-civ-spouse,Exec-managerial,Husband,Asian-Pac-Islander,Male,0,0,65,Japan
42,Self-emp-not-inc,194421,Prof-school,15,Divorced,Prof-specialty,Unmarried,White,Male,7430,0,40,United-States
41,Self-emp-inc,197120,Masters,14,Married-civ-spouse,Exec-managerial,Husband,White,Male,0,0,50,United-States
49,Local-gov,141236,Masters,14,Widowed,Prof-specialty,Unmarried,White,Female,0,323,20,United-States
35,Local-gov,145224,Masters,14,Married-civ-spouse,Prof-specialty,Husband,White,Male,0,1887,40,United-States
48,Private,193076,Masters,14,Married-civ-spouse,Prof-specialty,Husband,White,Male,0,0,40,Cuba
43,Private,151026,Masters,14,Widowed,Prof-specialty,Unmarried,Black,Female,0,0,37,United-States
49,Private,185778,Masters,14,Married-civ-spouse,Prof-specialty,Husband,White,Male,0,0,43,United-States
53,State-gov,278017,Doctorate,16,Married-civ-spouse,Prof-specialty,Husband,White,Male,0,0,50,United-States
37,Self-emp-not-inc,105340,Masters,14,Never-married,Exec-managerial,Not-in-family,White,Male,0,0,60,United-States
43,Self-emp-inc,207903,Prof-school,15,Married-civ-spouse,Exec-managerial,Husband,White,Male,99999,0,40,United-States
46,State-gov,228019,Prof-school,15,Married-civ-spouse,Exec-managerial,Husband,White,Male,15024,0,40,United-States
51,Local-gov,152193,Masters,14,Married-civ-spouse,Prof-specialty,Husband,White,Male,0,0,80,United-States
43,Private,243768,Masters,14,Married-civ-spouse,Prof-specialty,Husband,White,Male,0,0,55,United-States
31,Federal-gov,167900,Masters,14,Married-civ-spouse,Exec-managerial,Husband,White,Male,7688,0,60,United-States
50,Private,136468,Masters,14,Divorced,Prof-specialty,Not-in-family,White,Female,0,0,35,United-States
46,Local-gov,127217,Masters,14,Divorced,Prof-specialty,Not-in-family,White,Female,8614,0,55,United-States
36,Local-gov,216191,Masters,14,Married-civ-spouse,Prof-specialty,Husband,White,Male,0,0,50,United-States
40,Private,226279,Preschool,1,Married-civ-spouse,Other-service,Husband,White,Male,0,1672,40,Mexico
32,Private,159508,Masters,14,Married-civ-spouse,Prof-specialty,Husband,White,Male,0,0,40,United-States
59,Private,250155,Doctorate,16,Married-civ-spouse,Prof-specialty,Husband,White,Male,0,0,50,United-States
61,Local-gov,135318,Masters,14,Divorced,Prof-specialty,Not-in-family,White,Female,0,0,40,United-States
44,Federal-gov,123911,Masters,14,Never-married,Prof-specialty,Not-in-family,White,Female,0,0,40,United-States
40,Private,199163,Masters,14,Married-civ-spouse,Exec-managerial,Husband,White,Male,0,0,40,United-States
38,Self-emp-not-inc,123870,Masters,14,Married-civ-spouse,Exec-managerial,Husband,White,Male,0,0,70,United-States
48,Private,284412,Prof-school,15,Married-civ-spouse,Prof-specialty,Husband,White,Male,0,1977,45,United-States
37,Private,138333,Masters,14,Never-married,Prof-specialty,Not-in-family,White,Female,0,0,40,United-States
26,State-gov,126321,Masters,14,Never-married,Exec-managerial,Not-in-family,White,Female,0,0,40,United-States
47,Self-emp-not-inc,187259,Prof-school,15,Married-civ-spouse,Prof-specialty,Husband,White,Male,15024,0,40,United-States
35,Private,134506,Masters,14,Never-married,Sales,Not-in-family,White,Female,0,0,40,United-States
34,Self-emp-inc,257271,Masters,14,Married-civ-spouse,Sales,Husband,White,Male,0,0,60,United-States
43,Private,151465,Masters,14,Never-married,Tech-support,Not-in-family,White,Female,0,0,40,United-States
25,Private,264314,Masters,14,Married-civ-spouse,Prof-specialty,Husband,White,Male,0,0,40,United-States
51,Federal-gov,270759,Doctorate,16,Married-civ-spouse,Prof-specialty,Husband,Asian-Pac-Islander,Male,15024,0,40,Vietnam
50,Private,318052,Doctorate,16,Married-civ-spouse,Prof-specialty,Husband,White,Male,0,0,40,United-States
40,Private,60199,Preschool,1,Never-married,Other-service,Not-in-family,White,Female,0,0,20,United-States
47,Self-emp-inc,204935,Prof-school,15,Married-civ-spouse,Prof-specialty,Husband,White,Male,0,2415,45,United-States
47,Private,326726,Prof-school,15,Married-civ-spouse,Exec-managerial,Husband,White,Male,99999,0,40,United-States
24,Private,135557,Masters,14,Never-married,Prof-specialty,Not-in-family,White,Female,0,0,40,United-States
41,Private,277213,Doctorate,16,Never-married,Machine-op-inspct,Not-in-family,White,Female,0,0,40,United-States
51,Self-emp-inc,182469,Prof-school,15,Married-civ-spouse,Prof-specialty,Husband,White,Male,0,0,60,United-States
47,Local-gov,152638,Masters,14,Married-civ-spouse,Prof-specialty,Husband,White,Male,0,1887,50,United-States
31,Private,114601,Masters,14,Married-civ-spouse,Prof-specialty,Husband,White,Male,0,1902,43,United-States
54,Local-gov,281463,Doctorate,16,Married-civ-spouse,Exec-managerial,Husband,White,Male,0,0,60,United-States
61,Private,173062,Masters,14,Married-civ-spouse,Prof-specialty,Husband,White,Male,0,0,50,United-States
54,Private,138387,Masters,14,Divorced,Prof-specialty,Not-in-family,White,Female,0,2559,40,United-States
48,Private,337067,Doctorate,16,Married-civ-spouse,Prof-specialty,Husband,White,Male,0,0,45,United-States
75,Self-emp-not-inc,100426,Masters,14,Widowed,Sales,Not-in-family,White,Male,0,0,45,United-States
46,Private,111526,Preschool,1,Married-civ-spouse,Machine-op-inspct,Other-relative,Black,Male,0,0,75,Dominican-Republic
55,Local-gov,134416,Masters,14,Never-married,Prof-specialty,Not-in-family,White,Female,0,0,45,United-States
41,Private,199018,Masters,14,Married-civ-spouse,Prof-specialty,Husband,White,Male,15024,0,40,United-States
53,Self-emp-not-inc,205107,Prof-school,15,Never-married,Prof-specialty,Not-in-family,Asian-Pac-Islander,Male,27828,0,40,Philippines
51,Local-gov,272486,Doctorate,16,Divorced,Exec-managerial,Not-in-family,White,Female,0,0,45,United-States
36,Private,71166,Preschool,1,Divorced,Other-service,Not-in-family,Other,Male,0,0,72,Mexico
37,Private,291993,Prof-school,15,Married-civ-spouse,Prof-specialty,Husband,White,Male,0,0,50,United-States
66,Self-emp-not-inc,133376,Masters,14,Married-civ-spouse,Exec-managerial,Husband,White,Male,0,0,20,United-States
33,Private,180023,Masters,14,Married-civ-spouse,Tech-support,Husband,Asian-Pac-Islander,Male,0,0,50,United-States
37,Private,203330,Prof-school,15,Married-civ-spouse,Prof-specialty,Husband,White,Male,15024,0,45,United-States
50,Private,263272,Doctorate,16,Divorced,Prof-specialty,Not-in-family,White,Female,0,0,50,United-States
34,Private,191169,Masters,14,Married-civ-spouse,Prof-specialty,Husband,White,Male,0,0,55,United-States
41,Federal-gov,136871,Masters,14,Divorced,Prof-specialty,Unmarried,White,Female,1506,0,40,United-States
41,Private,198666,Masters,14,Married-civ-spouse,Exec-managerial,Husband,White,Male,0,0,40,United-States
50,Private,160427,Masters,14,Divorced,Sales,Not-in-family,White,Female,0,0,50,United-States
46,Private,135128,Masters,14,Married-civ-spouse,Prof-specialty,Wife,White,Female,0,0,22,United-States
34,Private,301611,Doctorate,16,Married-civ-spouse,Prof-specialty,Husband,White,Male,0,0,60,United-States
31,Private,106839,Masters,14,Divorced,Other-service,Not-in-family,Other,Female,0,0,30,United-States
65,Self-emp-not-inc,194559,Prof-school,15,Never-married,Prof-specialty,Not-in-family,White,Male,1086,0,60,United-States
32,Private,102359,Masters,14,Never-married,Tech-support,Not-in-family,Asian-Pac-Islander,Male,0,0,11,Taiwan
53,Private,131304,Masters,14,Married-civ-spouse,Exec-managerial,Husband,White,Male,0,0,40,United-States
